-45.02,29.77,-59.2,6.85,-66.92,-4.44,-67.09,3.48,57.29,-1.32,0
-45.02,29.77,-59.2,6.85,-55.73,-4.53,-67.09,3.48,52.74,-1.91,0
-45.02,29.77,-59.2,6.85,-55.73,-4.53,-79.25,2.36,49.37,-2.75,0
-49.9,30.44,-59.2,6.85,-55.73,-4.53,-79.25,2.36,45.92,-0.82,0
-49.9,30.44,-76.13,5.82,-55.73,-4.53,-79.25,2.36,44.98,0.16,0
-49.9,30.44,-76.13,5.82,-54.36,-1.99,-79.25,2.36,43.79,1.66,0
-49.9,30.44,-76.13,5.82,-54.36,-1.99,-77.3,3.2,44.07,2.27,0
-47.43,30.6,-76.13,5.82,-54.36,-1.99,-77.3,3.2,45.55,0.22,0
-47.43,30.6,-73.77,4.52,-54.36,-1.99,-77.3,3.2,49.37,0.03,0
-47.43,30.6,-73.77,4.52,-57.03,-0.89,-77.3,3.2,49.22,1.33,0
-47.43,30.6,-73.77,4.52,-57.03,-0.89,-73.98,5.39,49.06,3.09,0
-44.92,32.31,-73.77,4.52,-57.03,-0.89,-73.98,5.39,49.86,2.2,0
-44.92,32.31,-69.92,7.7,-57.03,-0.89,-73.98,5.39,50.54,-0.2,0
-44.92,32.31,-69.92,7.7,-62.4,-5.29,-73.98,5.39,50.49,0.82,0
-44.92,32.31,-69.92,7.7,-62.4,-5.29,-72.94,1.64,50.7,1.95,0
-44.98,32.91,-69.92,7.7,-62.4,-5.29,-72.94,1.64,51.45,1.09,0
-44.98,32.91,-70.66,7.15,-62.4,-5.29,-72.94,1.64,51.82,0.47,0
-44.98,32.91,-70.66,7.15,-61.31,-8.27,-72.94,1.64,52.76,-0.02,0
-44.98,32.91,-70.66,7.15,-61.31,-8.27,-71.01,1.52,53.18,0.26,0
-44.93,32.53,-70.66,7.15,-61.31,-8.27,-71.01,1.52,53.15,-0.6,0
-44.93,32.53,-70.1,3.94,-61.31,-8.27,-71.01,1.52,53.68,-0.63,0
-44.93,32.53,-70.1,3.94,-59.81,-6.36,-71.01,1.52,53.11,-1.06,0
-44.93,32.53,-70.1,3.94,-59.81,-6.36,-71.04,-1.18,52.7,-0.98,0
-44.79,31.81,-70.1,3.94,-59.81,-6.36,-71.04,-1.18,53.07,-1.16,0
-44.79,31.81,-70.0,4.79,-59.81,-6.36,-71.04,-1.18,53.85,-1.85,0
-44.79,31.81,-70.0,4.79,-61.27,-7.31,-71.04,-1.18,54.03,-1.79,0
-44.79,31.81,-70.0,4.79,-61.27,-7.31,-69.23,-0.6,53.98,-2.06,0
-44.74,30.41,-70.0,4.79,-61.27,-7.31,-69.23,-0.6,54.44,-2.15,0
-44.74,30.41,-70.09,5.15,-61.27,-7.31,-69.23,-0.6,54.7,-2.22,0
-44.74,30.41,-70.09,5.15,-61.36,-11.11,-69.23,-0.6,55.15,-2.46,0
-44.74,30.41,-70.09,5.15,-61.36,-11.11,-70.71,0.61,55.26,-2.72,0
-44.43,30.07,-70.09,5.15,-61.36,-11.11,-70.71,0.61,55.39,-3.14,0
-44.43,30.07,-71.14,1.6,-61.36,-11.11,-70.71,0.61,55.66,-3.02,0
-44.43,30.07,-71.14,1.6,-61.93,-7.34,-70.71,0.61,55.68,-1.71,0
-44.43,30.07,-71.14,1.6,-61.93,-7.34,-67.51,-2.16,55.81,-2.11,0
-45.67,30.81,-71.14,1.6,-61.93,-7.34,-67.51,-2.16,56.01,-1.99,0
-45.67,30.81,-67.13,5.29,-61.93,-7.34,-67.51,-2.16,56.51,-2.75,0
-45.67,30.81,-67.13,5.29,-64.24,-10.76,-67.51,-2.16,56.91,-2.37,0
-45.67,30.81,-67.13,5.29,-64.24,-10.76,-69.0,-1.29,56.98,-3.22,0
-43.94,30.14,-67.13,5.29,-64.24,-10.76,-69.0,-1.29,56.33,-3.24,0
-43.94,30.14,-66.87,7.42,-64.24,-10.76,-69.0,-1.29,56.54,-3.05,0
-43.94,30.14,-66.87,7.42,-60.62,-10.91,-69.0,-1.29,56.24,-2.74,0
-43.94,30.14,-66.87,7.42,-60.62,-10.91,-68.76,0.32,56.13,-2.75,0
-44.23,30.75,-66.87,7.42,-60.62,-10.91,-68.76,0.32,55.06,-2.4,0
-44.23,30.75,-69.16,5.62,-60.62,-10.91,-68.76,0.32,54.21,-2.49,0
-44.23,30.75,-69.16,5.62,-60.31,-5.58,-68.76,0.32,52.62,-1.73,0
-44.23,30.75,-69.16,5.62,-60.31,-5.58,-75.86,-0.2,51.6,-1.03,0
-47.57,32.18,-69.16,5.62,-60.31,-5.58,-75.86,-0.2,50.37,-0.64,0
-47.57,32.18,-76.06,5.14,-60.31,-5.58,-75.86,-0.2,48.65,-0.18,0
-47.57,32.18,-76.06,5.14,-56.83,-4.03,-75.86,-0.2,47.92,-0.28,0
-47.57,32.18,-76.06,5.14,-56.83,-4.03,-77.99,3.69,46.14,0.68,0
-49.53,31.73,-76.06,5.14,-56.83,-4.03,-77.99,3.69,44.99,1.07,0
-49.53,31.73,-74.44,7.1,-56.83,-4.03,-77.99,3.69,43.8,1.35,0
-49.53,31.73,-74.44,7.1,-51.99,0.17,-77.99,3.69,43.14,1.76,0
-49.53,31.73,-74.44,7.1,-51.99,0.17,-76.57,3.85,42.26,2.07,0
-49.07,32.14,-74.44,7.1,-51.99,0.17,-76.57,3.85,41.82,2.29,0
-49.07,32.14,-74.34,6.61,-51.99,0.17,-76.57,3.85,41.73,2.35,0
-49.07,32.14,-74.34,6.61,-50.54,1.95,-76.57,3.85,41.02,2.38,0
-49.07,32.14,-74.34,6.61,-50.54,1.95,-76.44,4.0,40.73,2.64,0
-50.69,30.62,-74.34,6.61,-50.54,1.95,-76.44,4.0,40.68,2.44,0
-50.69,30.62,-74.51,5.6,-50.54,1.95,-76.44,4.0,40.75,2.28,0
-50.69,30.62,-74.51,5.6,-52.0,0.4,-76.44,4.0,40.65,2.14,0
-50.69,30.62,-74.51,5.6,-52.0,0.4,-76.48,2.97,40.82,2.25,0
-49.24,32.23,-74.51,5.6,-52.0,0.4,-76.48,2.97,41.67,2.79,0
-49.24,32.23,-69.65,11.76,-52.0,0.4,-76.48,2.97,44.92,3.72,0
-49.24,32.23,-69.65,11.76,-55.01,-2.79,-76.48,2.97,46.07,2.85,0
-49.24,32.23,-69.65,11.76,-55.01,-2.79,-73.31,1.69,47.68,0.34,0
-46.3,32.46,-69.65,11.76,-55.01,-2.79,-73.31,1.69,48.48,-0.51,0
-46.3,32.46,-75.11,3.98,-55.01,-2.79,-73.31,1.69,49.05,0.07,0
-46.3,32.46,-75.11,3.98,-59.29,-2.92,-73.31,1.69,50.04,1.98,0
-46.3,32.46,-75.11,3.98,-59.29,-2.92,-78.94,-0.74,49.55,1.43,0
-45.36,32.13,-75.11,3.98,-59.29,-2.92,-78.94,-0.74,49.97,-0.04,0
-45.36,32.13,-69.74,11.28,-59.29,-2.92,-78.94,-0.74,49.97,1.13,0
-45.36,32.13,-69.74,11.28,-54.96,-9.36,-78.94,-0.74,48.95,1.85,0
-45.36,32.13,-69.74,11.28,-54.96,-9.36,-68.98,10.29,48.54,1.92,0
-46.63,34.64,-69.74,11.28,-54.96,-9.36,-68.98,10.29,47.95,3.25,0
-46.63,34.64,-70.61,10.63,-54.96,-9.36,-68.98,10.29,45.64,3.52,0
-46.63,34.64,-70.61,10.63,-58.97,-0.82,-68.98,10.29,45.42,2.94,0
-46.63,34.64,-70.61,10.63,-58.97,-0.82,-73.52,7.51,46.3,3.38,0
-45.8,34.89,-70.61,10.63,-58.97,-0.82,-73.52,7.51,45.74,3.51,0
-45.8,34.89,-74.67,6.67,-58.97,-0.82,-73.52,7.51,44.52,3.66,0
-45.8,34.89,-74.67,6.67,-55.78,1.69,-73.52,7.51,44.51,3.81,0
-45.8,34.89,-74.67,6.67,-55.78,1.69,-75.52,5.98,44.64,4.13,0
-48.04,32.5,-74.67,6.67,-55.78,1.69,-75.52,5.98,44.45,4.3,0
-48.04,32.5,-70.4,10.92,-55.78,1.69,-75.52,5.98,44.56,4.34,0
-48.04,32.5,-70.4,10.92,-56.93,-0.59,-75.52,5.98,44.66,4.38,0
-48.04,32.5,-70.4,10.92,-56.93,-0.59,-75.57,5.63,44.88,4.38,0
-47.37,33.47,-70.4,10.92,-56.93,-0.59,-75.57,5.63,44.62,4.41,0
-47.37,33.47,-72.45,8.82,-56.93,-0.59,-75.57,5.63,44.5,4.32,0
-47.37,33.47,-72.45,8.82,-56.85,-0.96,-75.57,5.63,44.4,4.32,0
-47.37,33.47,-72.45,8.82,-56.85,-0.96,-75.02,5.44,45.24,4.15,0
-46.82,33.66,-72.45,8.82,-56.85,-0.96,-75.02,5.44,45.51,4.15,0
-46.82,33.66,-71.0,10.38,-56.85,-0.96,-75.02,5.44,46.42,4.11,0
-46.82,33.66,-71.0,10.38,-58.17,-1.33,-75.02,5.44,46.38,4.07,0
-46.82,33.66,-71.0,10.38,-58.17,-1.33,-74.49,5.86,46.87,3.91,0
-45.77,34.93,-71.0,10.38,-58.17,-1.33,-74.49,5.86,46.92,3.86,0
-45.77,34.93,-71.58,9.08,-58.17,-1.33,-74.49,5.86,47.21,3.87,0
-45.77,34.93,-71.58,9.08,-60.34,-1.49,-74.49,5.86,48.0,3.58,0
-45.77,34.93,-71.58,9.08,-60.34,-1.49,-73.85,3.51,48.36,3.43,0
-44.39,34.76,-71.58,9.08,-60.34,-1.49,-73.85,3.51,49.22,3.27,0
-44.39,34.76,-70.28,9.75,-60.34,-1.49,-73.85,3.51,49.55,3.36,0
-44.39,34.76,-70.28,9.75,-62.63,-1.97,-73.85,3.51,50.27,3.47,0
-44.39,34.76,-70.28,9.75,-62.63,-1.97,-71.35,6.45,50.38,3.51,0
-43.99,34.45,-70.28,9.75,-62.63,-1.97,-71.35,6.45,50.56,3.5,0
-43.99,34.45,-70.55,9.8,-62.63,-1.97,-71.35,6.45,50.86,3.57,0
-43.99,34.45,-70.55,9.8,-63.13,-2.35,-71.35,6.45,51.03,3.64,0
-43.99,34.45,-70.55,9.8,-63.13,-2.35,-69.8,6.29,51.56,3.71,0
-43.89,34.71,-70.55,9.8,-63.13,-2.35,-69.8,6.29,51.53,3.83,0
-43.89,34.71,-69.44,10.12,-63.13,-2.35,-69.8,6.29,51.35,3.87,0
-43.89,34.71,-69.44,10.12,-63.01,-1.61,-69.8,6.29,51.42,3.9,0
-43.89,34.71,-69.44,10.12,-63.01,-1.61,-70.58,5.72,51.5,3.96,0
-43.42,35.36,-69.44,10.12,-63.01,-1.61,-70.58,5.72,51.77,3.91,0
-43.42,35.36,-68.22,10.76,-63.01,-1.61,-70.58,5.72,51.76,3.95,0
-43.42,35.36,-68.22,10.76,-63.36,-1.83,-70.58,5.72,51.88,3.91,0
-43.42,35.36,-68.22,10.76,-63.36,-1.83,-70.55,5.95,51.84,3.92,0
-43.78,34.8,-68.22,10.76,-63.36,-1.83,-70.55,5.95,51.89,3.96,0
-43.78,34.8,-68.35,10.68,-63.36,-1.83,-70.55,5.95,51.97,3.97,0
-43.78,34.8,-68.35,10.68,-63.07,-1.87,-70.55,5.95,52.01,4.0,0
-43.78,34.8,-68.35,10.68,-63.07,-1.87,-70.36,5.81,52.06,3.97,0
-42.73,35.77,-68.35,10.68,-63.07,-1.87,-70.36,5.81,52.11,3.95,0
-42.73,35.77,-68.85,10.29,-63.07,-1.87,-70.36,5.81,52.37,3.91,0
-42.73,35.77,-68.85,10.29,-64.36,-2.35,-70.36,5.81,52.49,3.89,0
-42.73,35.77,-68.85,10.29,-64.36,-2.35,-69.91,5.84,52.47,3.89,0
-42.29,35.88,-68.85,10.29,-64.36,-2.35,-69.91,5.84,52.51,3.91,0
-42.29,35.88,-69.16,9.87,-64.36,-2.35,-69.91,5.84,52.49,3.9,0
-42.29,35.88,-69.16,9.87,-63.84,-1.85,-69.91,5.84,52.34,3.85,0
-42.29,35.88,-69.16,9.87,-63.84,-1.85,-69.34,5.94,52.42,3.86,0
-42.85,35.69,-69.16,9.87,-63.84,-1.85,-69.34,5.94,52.38,3.87,0
-42.85,35.69,-68.06,10.76,-63.84,-1.85,-69.34,5.94,52.39,3.87,0
-42.85,35.69,-68.06,10.76,-64.0,-2.51,-69.34,5.94,52.4,3.9,0
-42.85,35.69,-68.06,10.76,-64.0,-2.51,-70.11,6.33,52.4,3.89,0
-42.93,35.68,-68.06,10.76,-64.0,-2.51,-70.11,6.33,52.33,3.91,0
-42.93,35.68,-68.11,10.94,-64.0,-2.51,-70.11,6.33,52.27,3.93,0
-42.93,35.68,-68.11,10.94,-64.47,-1.94,-70.11,6.33,52.29,3.96,0
-42.93,35.68,-68.11,10.94,-64.47,-1.94,-69.55,5.6,52.11,3.91,0
-43.58,35.19,-68.11,10.94,-64.47,-1.94,-69.55,5.6,51.82,3.92,0
-43.58,35.19,-68.59,10.49,-64.47,-1.94,-69.55,5.6,51.77,3.9,0
-43.58,35.19,-68.59,10.49,-63.61,-2.16,-69.55,5.6,51.78,3.95,0
-43.58,35.19,-68.59,10.49,-63.61,-2.16,-70.57,6.32,51.59,3.97,0
-43.56,34.91,-68.59,10.49,-63.61,-2.16,-70.57,6.32,50.97,3.96,0
-43.56,34.91,-70.49,9.66,-63.61,-2.16,-70.57,6.32,50.75,3.93,0
-43.56,34.91,-70.49,9.66,-60.78,-1.22,-70.57,6.32,49.79,3.88,0
-43.56,34.91,-70.49,9.66,-60.78,-1.22,-71.42,5.95,49.83,3.98,0
-44.71,34.83,-70.49,9.66,-60.78,-1.22,-71.42,5.95,49.62,3.99,0
-44.71,34.83,-70.68,9.56,-60.78,-1.22,-71.42,5.95,49.59,3.97,0
-44.71,34.83,-70.68,9.56,-61.91,-1.03,-71.42,5.95,49.66,3.99,0
-44.71,34.83,-70.68,9.56,-61.91,-1.03,-72.04,5.97,49.71,4.0,0
-44.48,34.61,-70.68,9.56,-61.91,-1.03,-72.04,5.97,49.72,3.96,0
-44.48,34.61,-69.4,10.74,-61.91,-1.03,-72.04,5.97,49.8,3.94,0
-44.48,34.61,-69.4,10.74,-61.6,-1.78,-72.04,5.97,49.94,3.99,0
-44.48,34.61,-69.4,10.74,-61.6,-1.78,-71.77,5.44,50.08,4.1,0
-43.96,35.31,-69.4,10.74,-61.6,-1.78,-71.77,5.44,49.99,4.06,0
-43.96,35.31,-70.07,10.11,-61.6,-1.78,-71.77,5.44,49.93,4.06,0
-43.96,35.31,-70.07,10.11,-61.01,-1.67,-71.77,5.44,49.93,3.92,0
-43.96,35.31,-70.07,10.11,-61.01,-1.67,-72.46,5.66,49.91,3.93,0
-44.54,34.44,-70.07,10.11,-61.01,-1.67,-72.46,5.66,50.0,3.92,0
-44.54,34.44,-68.96,11.66,-61.01,-1.67,-72.46,5.66,49.95,3.93,0
-44.54,34.44,-68.96,11.66,-60.34,-1.42,-72.46,5.66,49.69,3.97,0
-44.54,34.44,-68.96,11.66,-60.34,-1.42,-70.45,8.48,49.72,4.18,0
-42.52,37.48,-68.96,11.66,-60.34,-1.42,-70.45,8.48,49.74,4.66,0
-42.52,37.48,-67.72,12.44,-60.34,-1.42,-70.45,8.48,49.91,5.71,0
-42.52,37.48,-67.72,12.44,-66.2,4.25,-70.45,8.48,49.88,5.81,0
-42.52,37.48,-67.72,12.44,-66.2,4.25,-70.93,2.81,50.23,4.1,0
-47.89,33.27,-67.72,12.44,-66.2,4.25,-70.93,2.81,51.33,3.67,0
-47.89,33.27,-71.92,8.95,-66.2,4.25,-70.93,2.81,52.55,3.51,0
-47.89,33.27,-71.92,8.95,-60.54,-4.92,-70.93,2.81,52.76,3.19,0
-47.89,33.27,-71.92,8.95,-60.54,-4.92,-70.66,5.52,52.81,2.69,0
-42.8,35.86,-71.92,8.95,-60.54,-4.92,-70.66,5.52,52.82,3.6,0
-42.8,35.86,-72.78,4.38,-60.54,-4.92,-70.66,5.52,53.31,2.86,0
-42.8,35.86,-72.78,4.38,-62.79,-5.73,-70.66,5.52,54.2,0.0,0
-42.8,35.86,-72.78,4.38,-62.79,-5.73,-71.3,-1.78,54.87,-0.25,0
-47.14,27.57,-72.78,4.38,-62.79,-5.73,-71.3,-1.78,54.12,-3.37,0
-47.14,27.57,-66.6,2.49,-62.79,-5.73,-71.3,-1.78,55.34,-3.38,0
-47.14,27.57,-66.6,2.49,-65.11,-8.19,-71.3,-1.78,55.83,-2.12,0
-47.14,27.57,-66.6,2.49,-65.11,-8.19,-71.15,0.85,54.7,-0.92,0
-41.04,35.45,-66.6,2.49,-65.11,-8.19,-71.15,0.85,55.6,-0.2,0
-41.04,35.45,-64.01,2.54,-65.11,-8.19,-71.15,0.85,57.89,-1.33,0
-41.04,35.45,-64.01,2.54,-62.12,-11.43,-71.15,0.85,57.53,-3.54,0
-41.04,35.45,-64.01,2.54,-62.12,-11.43,-68.26,-1.47,57.82,-4.24,0
-45.9,27.61,-64.01,2.54,-62.12,-11.43,-68.26,-1.47,58.07,-4.72,0
-45.9,27.61,-65.77,5.02,-62.12,-11.43,-68.26,-1.47,58.32,-4.7,0
-45.9,27.61,-65.77,5.02,-62.4,-15.75,-68.26,-1.47,59.65,-3.65,0
-45.9,27.61,-65.77,5.02,-62.4,-15.75,-62.41,-2.4,60.5,-4.19,0
-43.38,29.64,-65.77,5.02,-62.4,-15.75,-62.41,-2.4,61.2,-4.24,0
-43.38,29.64,-62.5,3.83,-62.4,-15.75,-62.41,-2.4,61.5,-4.02,0
-43.38,29.64,-62.5,3.83,-59.54,-8.74,-62.41,-2.4,61.54,-3.55,0
-43.38,29.64,-62.5,3.83,-59.54,-8.74,-62.34,0.66,59.06,-3.44,0
-46.83,27.74,-62.5,3.83,-59.54,-8.74,-62.34,0.66,59.46,-3.7,0
-46.83,27.74,-68.06,5.09,-59.54,-8.74,-62.34,0.66,59.14,-4.81,0
-46.83,27.74,-68.06,5.09,-60.62,-11.77,-62.34,0.66,59.24,-5.3,0
-46.83,27.74,-68.06,5.09,-60.62,-11.77,-66.19,-2.0,60.16,-5.32,0
-45.3,26.57,-68.06,5.09,-60.62,-11.77,-66.19,-2.0,60.99,-5.6,0
-45.3,26.57,-62.15,1.27,-60.62,-11.77,-66.19,-2.0,62.31,-6.26,0
-45.3,26.57,-62.15,1.27,-52.91,-22.79,-66.19,-2.0,63.3,-6.58,0
-45.3,26.57,-62.15,1.27,-52.91,-22.79,-57.16,-3.78,62.29,-6.25,0
-41.58,30.89,-62.15,1.27,-52.91,-22.79,-57.16,-3.78,61.89,-4.83,0
-41.58,30.89,-65.91,4.53,-52.91,-22.79,-57.16,-3.78,60.97,-3.84,0
-41.58,30.89,-65.91,4.53,-64.71,-2.45,-57.16,-3.78,58.49,-1.12,0
-41.58,30.89,-65.91,4.53,-64.71,-2.45,-71.35,-1.26,57.19,-0.13,0
-49.27,31.47,-65.91,4.53,-64.71,-2.45,-71.35,-1.26,54.71,-0.71,0
-49.27,31.47,-73.19,7.89,-64.71,-2.45,-71.35,-1.26,50.71,0.58,0
-49.27,31.47,-73.19,7.89,-55.66,1.24,-71.35,-1.26,49.39,1.77,0
-49.27,31.47,-73.19,7.89,-55.66,1.24,-77.88,4.17,46.13,2.24,0
-49.48,31.42,-73.19,7.89,-55.66,1.24,-77.88,4.17,45.49,2.31,0
-49.48,31.42,-73.96,7.18,-55.66,1.24,-77.88,4.17,44.66,2.09,0
-49.48,31.42,-73.96,7.18,-55.4,-0.65,-77.88,4.17,44.64,2.29,0
-49.48,31.42,-73.96,7.18,-55.4,-0.65,-76.33,4.9,44.75,2.56,0
-48.91,31.83,-73.96,7.18,-55.4,-0.65,-76.33,4.9,44.65,2.49,0
-48.91,31.83,-73.55,7.73,-55.4,-0.65,-76.33,4.9,44.61,2.16,0
-48.91,31.83,-73.55,7.73,-54.94,0.07,-76.33,4.9,44.77,2.16,0
-48.91,31.83,-73.55,7.73,-54.94,0.07,-77.77,2.66,45.07,2.29,0
-49.03,31.84,-73.55,7.73,-54.94,0.07,-77.77,2.66,44.85,2.16,0
-49.03,31.84,-76.17,5.13,-54.94,0.07,-77.77,2.66,44.69,1.65,0
-49.03,31.84,-76.17,5.13,-54.2,-0.6,-77.77,2.66,44.74,1.51,0
-49.03,31.84,-76.17,5.13,-54.2,-0.6,-76.25,4.91,44.89,2.37,0
-47.18,33.99,-76.17,5.13,-54.2,-0.6,-76.25,4.91,45.3,2.75,0
-47.18,33.99,-73.77,2.58,-54.2,-0.6,-76.25,4.91,46.87,2.4,0
-47.18,33.99,-73.77,2.58,-56.46,-2.98,-76.25,4.91,47.3,1.03,0
-47.18,33.99,-73.77,2.58,-56.46,-2.98,-74.17,7.12,46.65,-1.19,0
-50.34,29.27,-73.77,2.58,-56.46,-2.98,-74.17,7.12,46.13,-0.01,0
-50.34,29.27,-67.27,13.8,-56.46,-2.98,-74.17,7.12,45.54,1.03,0
-50.34,29.27,-67.27,13.8,-61.61,1.62,-74.17,7.12,44.98,4.68,0
-50.34,29.27,-67.27,13.8,-61.61,1.62,-71.62,9.3,44.69,4.88,0
-45.69,35.01,-67.27,13.8,-61.61,1.62,-71.62,9.3,44.88,4.83,0
-45.69,35.01,-73.09,7.99,-61.61,1.62,-71.62,9.3,44.53,4.31,0
-45.69,35.01,-73.09,7.99,-54.98,0.47,-71.62,9.3,44.23,3.81,0
-45.69,35.01,-73.09,7.99,-54.98,0.47,-78.15,2.64,44.3,4.03,0
-48.67,32.2,-73.09,7.99,-54.98,0.47,-78.15,2.64,44.45,4.03,0
-48.67,32.2,-70.85,10.46,-54.98,0.47,-78.15,2.64,44.53,4.2,0
-48.67,32.2,-70.85,10.46,-55.71,1.61,-78.15,2.64,44.56,4.24,0
-48.67,32.2,-70.85,10.46,-55.71,1.61,-76.83,4.5,44.35,4.31,0
-45.77,35.02,-70.85,10.46,-55.71,1.61,-76.83,4.5,44.14,4.28,0
-45.77,35.02,-72.4,8.96,-55.71,1.61,-76.83,4.5,44.26,4.39,0
-45.77,35.02,-72.4,8.96,-54.22,0.03,-76.83,4.5,44.12,4.17,0
-45.77,35.02,-72.4,8.96,-54.22,0.03,-75.12,6.09,44.02,4.1,0
-47.92,33.1,-72.4,8.96,-54.22,0.03,-75.12,6.09,44.0,3.97,0
-47.92,33.1,-72.91,7.9,-54.22,0.03,-75.12,6.09,43.93,3.89,0
-47.92,33.1,-72.91,7.9,-53.7,-0.38,-75.12,6.09,43.65,3.69,0
-47.92,33.1,-72.91,7.9,-53.7,-0.38,-75.67,5.59,43.7,3.65,0
-48.34,32.61,-72.91,7.9,-53.7,-0.38,-75.67,5.59,43.7,3.73,0
-48.34,32.61,-72.36,8.98,-53.7,-0.38,-75.67,5.59,43.75,3.88,0
-48.34,32.61,-72.36,8.98,-54.08,-0.07,-75.67,5.59,43.81,3.86,0
-48.34,32.61,-72.36,8.98,-54.08,-0.07,-77.03,4.34,43.41,3.75,0
-48.29,32.96,-72.36,8.98,-54.08,-0.07,-77.03,4.34,43.29,3.83,0
-48.29,32.96,-71.8,8.94,-54.08,-0.07,-77.03,4.34,43.48,4.08,0
-48.29,32.96,-71.8,8.94,-59.42,0.96,-77.03,4.34,45.08,4.36,0
-48.29,32.96,-71.8,8.94,-59.42,0.96,-76.69,2.72,47.73,1.31,0
-49.46,28.25,-71.8,8.94,-59.42,0.96,-76.69,2.72,48.67,-0.22,0
-49.46,28.25,-76.93,3.9,-59.42,0.96,-76.69,2.72,48.58,-1.75,0
-49.46,28.25,-76.93,3.9,-54.14,-9.02,-76.69,2.72,47.21,-3.28,0
-49.46,28.25,-76.93,3.9,-54.14,-9.02,-75.09,-0.35,47.3,-2.81,0
-50.59,27.94,-76.93,3.9,-54.14,-9.02,-75.09,-0.35,49.04,-3.35,0
-50.59,27.94,-71.47,-2.43,-54.14,-9.02,-75.09,-0.35,49.74,-4.53,0
-50.59,27.94,-71.47,-2.43,-52.17,-12.38,-75.09,-0.35,49.91,-6.05,0
-50.59,27.94,-71.47,-2.43,-52.17,-12.38,-74.45,-2.1,49.66,-5.37,0
-52.49,26.13,-71.47,-2.43,-52.17,-12.38,-74.45,-2.1,49.37,-4.04,0
-52.49,26.13,-79.71,0.81,-52.17,-12.38,-74.45,-2.1,47.7,-5.1,0
-52.49,26.13,-79.71,0.81,-51.55,-10.23,-74.45,-2.1,47.18,-6.16,0
-52.49,26.13,-79.71,0.81,-51.55,-10.23,-70.11,-8.07,47.94,-8.92,0
-53.26,21.28,-79.71,0.81,-51.55,-10.23,-70.11,-8.07,49.11,-9.01,0
-53.26,21.28,-73.88,-1.05,-51.55,-10.23,-70.11,-8.07,48.89,-9.21,0
-53.26,21.28,-73.88,-1.05,-52.82,-13.14,-70.11,-8.07,48.53,-8.0,0
-53.26,21.28,-73.88,-1.05,-52.82,-13.14,-71.88,-6.57,48.57,-7.03,0
-51.35,27.23,-73.88,-1.05,-52.82,-13.14,-71.88,-6.57,48.32,-4.64,0
-51.35,27.23,-75.46,4.74,-52.82,-13.14,-71.88,-6.57,47.79,-3.98,0
-37.77,12.85,-28.66,1.89,-10.16,18.43,-33.49,7.9,-15.07,8.91,1
-37.94,13.63,-28.66,1.89,-10.16,18.43,-33.49,7.9,-15.25,9.06,1
-37.94,13.63,-28.33,3.02,-10.16,18.43,-33.49,7.9,-15.64,8.93,1
-37.94,13.63,-28.33,3.02,-10.22,18.14,-33.49,7.9,-16.05,8.79,1
-37.94,13.63,-28.33,3.02,-10.22,18.14,-34.01,7.02,-16.09,8.7,1
-37.43,12.62,-28.33,3.02,-10.22,18.14,-34.01,7.02,-16.35,8.51,1
-37.43,12.62,-28.33,1.57,-10.22,18.14,-34.01,7.02,-16.35,8.51,1
-37.43,12.62,-28.33,1.57,-9.47,17.93,-34.01,7.02,-16.55,8.39,1
-37.43,12.62,-28.33,1.57,-9.47,17.93,-33.95,9.14,-16.52,8.39,1
-37.72,10.87,-28.33,1.57,-9.47,17.93,-33.95,9.14,-16.45,8.6,1
-37.72,10.87,-28.52,0.27,-9.47,17.93,-33.95,9.14,-16.52,8.21,1
-37.72,10.87,-28.52,0.27,-9.83,17.88,-33.95,9.14,-15.72,8.37,1
-37.72,10.87,-28.52,0.27,-9.83,17.88,-36.0,9.04,-15.64,8.23,1
-39.58,9.58,-28.52,0.27,-9.83,17.88,-36.0,9.04,-15.11,8.94,1
-39.58,9.58,-32.19,4.67,-9.83,17.88,-36.0,9.04,-15.32,9.12,1
-39.58,9.58,-32.19,4.67,-12.65,20.68,-36.0,9.04,-14.18,10.61,1
-39.58,9.58,-32.19,4.67,-12.65,20.68,-33.23,9.76,-14.0,11.11,1
-30.78,19.72,-32.19,4.67,-12.65,20.68,-33.23,9.76,-16.2,10.93,1
-30.78,19.72,-30.74,-3.92,-12.65,20.68,-33.23,9.76,-17.42,11.68,1
-30.78,19.72,-30.74,-3.92,-4.45,24.84,-33.23,9.76,-18.39,10.07,1
-30.78,19.72,-30.74,-3.92,-4.45,24.84,-32.64,6.29,-17.39,9.68,1
-31.53,14.14,-30.74,-3.92,-4.45,24.84,-32.64,6.29,-16.67,11.22,1
-31.53,14.14,-26.58,1.56,-4.45,24.84,-32.64,6.29,-16.6,10.86,1
-31.53,14.14,-26.58,1.56,-8.81,19.99,-32.64,6.29,-16.59,10.44,1
-31.53,14.14,-26.58,1.56,-8.81,19.99,-32.34,3.3,-16.73,5.37,1
-39.09,8.62,-26.58,1.56,-8.81,19.99,-32.34,3.3,-17.66,5.97,1
-39.09,8.62,-33.45,-0.75,-8.81,19.99,-32.34,3.3,-18.29,7.92,1
-39.09,8.62,-33.45,-0.75,-10.34,25.2,-32.34,3.3,-15.95,9.31,1
-39.09,8.62,-33.45,-0.75,-10.34,25.2,-35.64,8.77,-15.41,10.11,1
-37.19,5.97,-33.45,-0.75,-10.34,25.2,-35.64,8.77,-17.95,10.82,1
-37.19,5.97,-26.59,8.58,-10.34,25.2,-35.64,8.77,-16.6,11.74,1
-37.19,5.97,-26.59,8.58,-10.3,21.87,-35.64,8.77,-16.66,12.84,1
-37.19,5.97,-26.59,8.58,-10.3,21.87,-30.34,12.39,-17.69,12.85,1
-31.23,16.04,-26.59,8.58,-10.3,21.87,-30.34,12.39,-20.82,13.59,1
-31.23,16.04,-23.84,6.39,-10.3,21.87,-30.34,12.39,-21.15,13.44,1
-31.23,16.04,-23.84,6.39,-6.49,22.64,-30.34,12.39,-21.21,13.73,1
-31.23,16.04,-23.84,6.39,-6.49,22.64,-29.21,11.68,-21.74,13.05,1
-30.52,12.91,-23.84,6.39,-6.49,22.64,-29.21,11.68,-22.2,12.72,1
-30.52,12.91,-22.9,5.87,-6.49,22.64,-29.21,11.68,-22.82,12.72,1
-30.52,12.91,-22.9,5.87,-4.7,23.7,-29.21,11.68,-22.98,12.72,1
-30.52,12.91,-22.9,5.87,-4.7,23.7,-28.41,9.35,-23.37,12.76,1
-31.01,12.98,-22.9,5.87,-4.7,23.7,-28.41,9.35,-23.51,12.73,1
-31.01,12.98,-21.32,3.93,-4.7,23.7,-28.41,9.35,-23.47,12.81,1
-31.01,12.98,-21.32,3.93,-5.83,22.83,-28.41,9.35,-23.52,12.86,1
-31.01,12.98,-21.32,3.93,-5.83,22.83,-28.01,11.51,-23.83,12.81,1
-30.64,12.16,-21.32,3.93,-5.83,22.83,-28.01,11.51,-24.05,12.69,1
-30.64,12.16,-21.59,4.39,-5.83,22.83,-28.01,11.51,-24.21,12.64,1
-30.64,12.16,-21.59,4.39,-4.98,22.99,-28.01,11.51,-24.24,12.83,1
-30.64,12.16,-21.59,4.39,-4.98,22.99,-27.63,9.78,-24.24,12.91,1
-29.79,12.78,-21.59,4.39,-4.98,22.99,-27.63,9.78,-24.24,12.9,1
-29.79,12.78,-21.06,4.06,-4.98,22.99,-27.63,9.78,-24.57,12.6,1
-29.79,12.78,-21.06,4.06,-3.91,23.46,-27.63,9.78,-24.82,12.67,1
-29.79,12.78,-21.06,4.06,-3.91,23.46,-26.88,10.35,-24.9,12.81,1
-28.92,12.06,-21.06,4.06,-3.91,23.46,-26.88,10.35,-24.91,12.78,1
-28.92,12.06,-19.84,3.65,-3.91,23.46,-26.88,10.35,-25.74,12.67,1
-28.92,12.06,-19.84,3.65,-3.17,23.95,-26.88,10.35,-26.38,12.61,1
-28.92,12.06,-19.84,3.65,-3.17,23.95,-26.52,9.07,-26.74,12.47,1
-28.67,11.4,-19.84,3.65,-3.17,23.95,-26.52,9.07,-26.54,12.5,1
-28.67,11.4,-18.92,3.06,-3.17,23.95,-26.52,9.07,-26.8,12.44,1
-28.67,11.4,-18.92,3.06,-1.43,23.33,-26.52,9.07,-26.97,12.74,1
-28.67,11.4,-18.92,3.06,-1.43,23.33,-26.03,11.24,-27.06,12.68,1
-27.49,9.29,-18.92,3.06,-1.43,23.33,-26.03,11.24,-27.44,12.61,1
-27.49,9.29,-19.42,3.79,-1.43,23.33,-26.03,11.24,-27.6,12.51,1
-27.49,9.29,-19.42,3.79,-2.72,22.15,-26.03,11.24,-27.59,12.43,1
-27.49,9.29,-19.42,3.79,-2.72,22.15,-26.23,10.42,-27.07,12.54,1
-28.51,11.28,-19.42,3.79,-2.72,22.15,-26.23,10.42,-27.11,12.54,1
-28.51,11.28,-19.8,3.02,-2.72,22.15,-26.23,10.42,-26.92,12.64,1
-28.51,11.28,-19.8,3.02,-3.09,24.27,-26.23,10.42,-26.84,12.66,1
-28.51,11.28,-19.8,3.02,-3.09,24.27,-26.87,12.44,-26.78,12.62,1
-28.37,11.22,-19.8,3.02,-3.09,24.27,-26.87,12.44,-26.74,13.13,1
-28.37,11.22,-19.49,3.56,-3.09,24.27,-26.87,12.44,-26.85,12.73,1
-28.37,11.22,-19.49,3.56,-2.72,24.65,-26.87,12.44,-27.1,12.78,1
-28.37,11.22,-19.49,3.56,-2.72,24.65,-25.47,10.04,-27.3,12.65,1
-27.77,9.93,-19.49,3.56,-2.72,24.65,-25.47,10.04,-27.78,12.63,1
-27.77,9.93,-19.52,4.08,-2.72,24.65,-25.47,10.04,-27.81,12.61,1
-27.77,9.93,-19.52,4.08,-1.42,23.69,-25.47,10.04,-27.91,12.62,1
-27.77,9.93,-19.52,4.08,-1.42,23.69,-24.46,10.81,-28.02,12.56,1
-28.12,10.44,-19.52,4.08,-1.42,23.69,-24.46,10.81,-28.05,12.65,1
-28.12,10.44,-18.74,3.27,-1.42,23.69,-24.46,10.81,-28.11,12.62,1
-28.12,10.44,-18.74,3.27,-1.94,24.52,-24.46,10.81,-28.16,12.61,1
-28.12,10.44,-18.74,3.27,-1.94,24.52,-25.07,10.05,-28.26,12.57,1
-27.97,10.31,-18.74,3.27,-1.94,24.52,-25.07,10.05,-28.33,12.52,1
-27.97,10.31,-18.83,3.32,-1.94,24.52,-25.07,10.05,-28.33,12.55,1
-27.97,10.31,-18.83,3.32,-1.73,23.36,-25.07,10.05,-28.34,12.54,1
-27.97,10.31,-18.83,3.32,-1.73,23.36,-25.76,10.08,-28.3,12.53,1
-27.39,10.47,-18.83,3.32,-1.73,23.36,-25.76,10.08,-28.44,12.54,1
-27.39,10.47,-18.76,3.56,-1.73,23.36,-25.76,10.08,-28.48,12.51,1
-27.39,10.47,-18.76,3.56,-1.73,23.93,-25.76,10.08,-28.62,12.51,1
-27.39,10.47,-18.76,3.56,-1.73,23.93,-25.46,10.76,-28.67,12.46,1
-28.08,10.39,-18.76,3.56,-1.73,23.93,-25.46,10.76,-28.87,12.44,1
-28.08,10.39,-17.65,2.6,-1.73,23.93,-25.46,10.76,-28.88,12.45,1
-28.08,10.39,-17.65,2.6,-1.63,23.49,-25.46,10.76,-28.76,12.51,1
-28.08,10.39,-17.65,2.6,-1.63,23.49,-24.75,10.02,-28.67,12.53,1
-27.43,10.07,-17.65,2.6,-1.63,23.49,-24.75,10.02,-28.69,12.51,1
-27.43,10.07,-18.54,3.5,-1.63,23.49,-24.75,10.02,-28.71,12.44,1
-27.43,10.07,-18.54,3.5,-1.46,23.83,-24.75,10.02,-28.78,12.41,1
-27.43,10.07,-18.54,3.5,-1.46,23.83,-25.37,10.27,-28.8,12.43,1
-27.48,10.35,-18.54,3.5,-1.46,23.83,-25.37,10.27,-28.88,12.42,1
-27.48,10.35,-18.39,3.31,-1.46,23.83,-25.37,10.27,-28.89,12.4,1
-27.48,10.35,-18.39,3.31,-1.47,24.46,-25.37,10.27,-29.03,12.39,1
-27.48,10.35,-18.39,3.31,-1.47,24.46,-24.86,9.81,-29.07,12.4,1
-27.37,9.97,-18.39,3.31,-1.47,24.46,-24.86,9.81,-29.17,12.39,1
-27.37,9.97,-18.12,2.78,-1.47,24.46,-24.86,9.81,-29.21,12.38,1
-27.37,9.97,-18.12,2.78,-1.9,23.89,-24.86,9.81,-29.13,12.45,1
-27.37,9.97,-18.12,2.78,-1.9,23.89,-24.68,9.87,-29.2,12.42,1
-28.1,10.08,-18.12,2.78,-1.9,23.89,-24.68,9.87,-29.27,12.4,1
-28.1,10.08,-17.52,2.76,-1.9,23.89,-24.68,9.87,-29.5,12.34,1
-28.1,10.08,-17.52,2.76,-1.18,23.28,-24.68,9.87,-29.5,12.32,1
-28.1,10.08,-17.52,2.76,-1.18,23.28,-24.58,10.11,-29.54,12.26,1
-27.35,9.36,-17.52,2.76,-1.18,23.28,-24.58,10.11,-29.61,12.21,1
-27.35,9.36,-18.03,3.4,-1.18,23.28,-24.58,10.11,-29.59,12.19,1
-27.35,9.36,-18.03,3.4,-1.38,23.24,-24.58,10.11,-29.64,12.17,1
-27.35,9.36,-18.03,3.4,-1.38,23.24,-28.18,8.83,-29.63,12.13,1
-28.19,9.5,-18.03,3.4,-1.38,23.24,-28.18,8.83,-30.06,12.02,1
-28.19,9.5,-19.65,3.04,-1.38,23.24,-28.18,8.83,-30.04,12.06,1
-28.19,9.5,-19.65,3.04,-1.73,21.78,-28.18,8.83,-30.03,12.11,1
-28.19,9.5,-19.65,3.04,-1.73,21.78,-24.69,8.81,-30.15,12.12,1
-26.66,10.1,-19.65,3.04,-1.73,21.78,-24.69,8.81,-30.05,12.23,1
-26.66,10.1,-16.97,2.54,-1.73,21.78,-24.69,8.81,-30.03,12.22,1
-26.66,10.1,-16.97,2.54,-1.04,24.08,-24.69,8.81,-30.0,12.24,1
-26.66,10.1,-16.97,2.54,-1.04,24.08,-24.21,9.8,-30.03,12.21,1
-27.28,9.76,-16.97,2.54,-1.04,24.08,-24.21,9.8,-30.01,12.22,1
-27.28,9.76,-17.38,2.59,-1.04,24.08,-24.21,9.8,-30.03,12.23,1
-27.28,9.76,-17.38,2.59,-0.54,23.89,-24.21,9.8,-30.02,12.21,1
-27.28,9.76,-17.38,2.59,-0.54,23.89,-23.75,10.54,-30.2,12.17,1
-28.07,8.09,-17.38,2.59,-0.54,23.89,-23.75,10.54,-30.49,12.19,1
-28.07,8.09,-16.69,3.43,-0.54,23.89,-23.75,10.54,-30.49,12.2,1
-28.07,8.09,-16.69,3.43,-0.83,23.75,-23.75,10.54,-30.43,12.27,1
-28.07,8.09,-16.69,3.43,-0.83,23.75,-24.67,9.81,-30.39,12.29,1
-27.25,8.61,-16.69,3.43,-0.83,23.75,-24.67,9.81,-30.38,12.27,1
-27.25,8.61,-17.8,3.19,-0.83,23.75,-24.67,9.81,-30.33,12.27,1
-27.25,8.61,-17.8,3.19,-0.53,23.82,-24.67,9.81,-30.36,12.26,1
-27.25,8.61,-17.8,3.19,-0.53,23.82,-24.97,10.84,-30.27,12.25,1
-27.9,9.58,-17.8,3.19,-0.53,23.82,-24.97,10.84,-30.2,12.24,1
-27.9,9.58,-18.31,3.1,-0.53,23.82,-24.97,10.84,-30.12,12.28,1
-27.9,9.58,-18.31,3.1,-1.09,23.39,-24.97,10.84,-30.06,12.34,1
-27.9,9.58,-18.31,3.1,-1.09,23.39,-24.65,9.81,-30.08,12.28,1
-27.72,9.74,-18.31,3.1,-1.09,23.39,-24.65,9.81,-30.02,12.32,1
-27.72,9.74,-18.26,2.58,-1.09,23.39,-24.65,9.81,-30.06,12.29,1
-27.72,9.74,-18.26,2.58,-1.54,23.91,-24.65,9.81,-30.04,12.28,1
-27.72,9.74,-18.26,2.58,-1.54,23.91,-24.74,9.8,-30.05,12.27,1
-28.16,9.75,-18.26,2.58,-1.54,23.91,-24.74,9.8,-30.09,12.28,1
-28.16,9.75,-17.63,2.8,-1.54,23.91,-24.74,9.8,-30.14,12.26,1
-28.16,9.75,-17.63,2.8,-0.78,24.09,-24.74,9.8,-30.21,12.24,1
-28.16,9.75,-17.63,2.8,-0.78,24.09,-24.54,10.53,-30.26,12.3,1
-27.47,8.48,-17.63,2.8,-0.78,24.09,-24.54,10.53,-30.43,12.3,1
-27.47,8.48,-18.27,3.73,-0.78,24.09,-24.54,10.53,-30.33,12.34,1
-27.47,8.48,-18.27,3.73,-1.05,23.6,-24.54,10.53,-30.34,12.29,1
-27.47,8.48,-18.27,3.73,-1.05,23.6,-24.74,10.49,-30.36,12.28,1
-26.93,9.39,-18.27,3.73,-1.05,23.6,-24.74,10.49,-30.36,12.28,1
-26.93,9.39,-17.93,2.64,-1.05,23.6,-24.74,10.49,-30.42,12.23,1
-26.93,9.39,-17.93,2.64,-1.17,24.14,-24.74,10.49,-30.37,12.28,1
-26.93,9.39,-17.93,2.64,-1.17,24.14,-24.33,9.45,-30.28,12.28,1
-27.68,10.05,-17.93,2.64,-1.17,24.14,-24.33,9.45,-30.29,12.25,1
-27.68,10.05,-17.7,2.95,-1.17,24.14,-24.33,9.45,-30.32,12.22,1
-27.68,10.05,-17.7,2.95,-1.4,23.74,-24.33,9.45,-30.36,12.25,1
-27.68,10.05,-17.7,2.95,-1.4,23.74,-23.84,10.04,-30.37,12.24,1
-27.89,9.96,-17.7,2.95,-1.4,23.74,-23.84,10.04,-30.33,12.24,1
-27.89,9.96,-18.13,3.49,-1.4,23.74,-23.84,10.04,-30.24,12.3,1
-27.89,9.96,-18.13,3.49,-0.75,23.42,-23.84,10.04,-30.2,12.31,1
-27.89,9.96,-18.13,3.49,-0.75,23.42,-25.34,10.09,-30.2,12.27,1
-27.69,9.78,-18.13,3.49,-0.75,23.42,-25.34,10.09,-30.18,12.3,1
-27.69,9.78,-18.66,2.73,-0.75,23.42,-25.34,10.09,-30.13,12.29,1
-27.69,9.78,-18.66,2.73,-1.71,24.48,-25.34,10.09,-30.1,12.29,1
-27.69,9.78,-18.66,2.73,-1.71,24.48,-25.24,9.22,-30.19,12.24,1
-27.74,10.38,-18.66,2.73,-1.71,24.48,-25.24,9.22,-30.15,12.26,1
-27.74,10.38,-16.42,1.03,-1.71,24.48,-25.24,9.22,-30.18,12.18,1
-27.74,10.38,-16.42,1.03,-3.37,22.52,-25.24,9.22,-30.21,12.05,1
-27.74,10.38,-16.42,1.03,-3.37,22.52,-26.13,9.86,-30.25,12.05,1
-29.81,11.02,-16.42,1.03,-3.37,22.52,-26.13,9.86,-30.28,12.0,1
-29.81,11.02,-20.17,2.54,-3.37,22.52,-26.13,9.86,-30.36,12.04,1
-29.81,11.02,-20.17,2.54,-4.04,23.17,-26.13,9.86,-30.52,12.11,1
-29.81,11.02,-20.17,2.54,-4.04,23.17,-22.89,10.62,-31.21,12.12,1
-27.76,9.57,-20.17,2.54,-4.04,23.17,-22.89,10.62,-31.31,12.13,1
-27.76,9.57,-12.26,-0.06,-4.04,23.17,-22.89,10.62,-31.2,12.11,1
-27.76,9.57,-12.26,-0.06,0.14,23.4,-22.89,10.62,-31.23,12.16,1
-27.76,9.57,-12.26,-0.06,0.14,23.4,-22.2,8.91,-31.2,12.22,1
-26.91,8.67,-12.26,-0.06,0.14,23.4,-22.2,8.91,-31.27,12.1,1
-26.91,8.67,-15.24,2.9,0.14,23.4,-22.2,8.91,-31.18,12.05,1
-26.91,8.67,-15.24,2.9,3.04,23.98,-22.2,8.91,-31.23,11.98,1
-26.91,8.67,-15.24,2.9,3.04,23.98,-23.31,9.58,-31.18,11.98,1
-26.43,8.26,-15.24,2.9,3.04,23.98,-23.31,9.58,-31.23,11.96,1
-26.43,8.26,-15.85,2.4,3.04,23.98,-23.31,9.58,-31.2,11.96,1
-26.43,8.26,-15.85,2.4,1.94,24.74,-23.31,9.58,-31.17,11.93,1
-26.43,8.26,-15.85,2.4,1.94,24.74,-22.82,9.53,-31.2,11.91,1
-27.29,7.87,-15.85,2.4,1.94,24.74,-22.82,9.53,-31.17,11.93,1
-27.29,7.87,-16.21,2.55,1.94,24.74,-22.82,9.53,-31.21,11.89,1
-27.29,7.87,-16.21,2.55,1.26,24.52,-22.82,9.53,-31.18,11.93,1
-27.29,7.87,-16.21,2.55,1.26,24.52,-23.65,8.93,-31.15,11.93,1
-27.73,8.61,-16.21,2.55,1.26,24.52,-23.65,8.93,-31.1,11.94,1
-27.73,8.61,-16.12,2.65,1.26,24.52,-23.65,8.93,-31.15,11.92,1
-27.73,8.61,-16.12,2.65,1.46,24.61,-23.65,8.93,-31.14,11.96,1
-27.73,8.61,-16.12,2.65,1.46,24.61,-23.06,8.85,-31.15,11.99,1
-27.27,9.01,-16.12,2.65,1.46,24.61,-23.06,8.85,-31.09,11.97,1
-27.27,9.01,-15.73,3.11,1.46,24.61,-23.06,8.85,-31.1,11.96,1
-27.27,9.01,-15.73,3.11,1.11,23.96,-23.06,8.85,-31.03,11.99,1
-27.27,9.01,-15.73,3.11,1.11,23.96,-23.46,8.78,-31.09,11.95,1
-27.01,9.09,-15.73,3.11,1.11,23.96,-23.46,8.78,-31.06,11.95,1
-27.01,9.09,-15.62,2.77,1.11,23.96,-23.46,8.78,-31.04,11.98,1
-27.01,9.09,-15.62,2.77,1.14,24.36,-23.46,8.78,-31.01,11.95,1
-27.01,9.09,-15.62,2.77,1.14,24.36,-23.27,9.83,-30.99,11.98,1
-27.13,9.16,-15.62,2.77,1.14,24.36,-23.27,9.83,-30.99,11.98,1
-27.13,9.16,-16.14,2.32,1.14,24.36,-23.27,9.83,-30.96,11.99,1
-27.13,9.16,-16.14,2.32,1.43,23.61,-23.27,9.83,-30.96,11.96,1
-27.13,9.16,-16.14,2.32,1.43,23.61,-23.33,9.98,-30.9,11.99,1
-26.99,8.74,-16.14,2.32,1.43,23.61,-23.33,9.98,-30.89,11.96,1
-26.99,8.74,-16.96,2.07,1.43,23.61,-23.33,9.98,-30.94,11.94,1
-26.99,8.74,-16.96,2.07,0.23,25.34,-23.33,9.98,-30.94,11.85,1
-26.99,8.74,-16.96,2.07,0.23,25.34,-24.17,7.75,-30.67,11.61,1
-28.71,8.09,-16.96,2.07,0.23,25.34,-24.17,7.75,-30.54,10.78,1
-28.71,8.09,-16.16,1.52,0.23,25.34,-24.17,7.75,-30.71,10.03,1
-28.71,8.09,-16.16,1.52,2.59,23.61,-24.17,7.75,-31.54,9.76,1
-28.71,8.09,-16.16,1.52,2.59,23.61,-24.03,7.6,-31.87,9.55,1
-29.41,2.76,-16.16,1.52,2.59,23.61,-24.03,7.6,-32.2,9.43,1
-29.41,2.76,-17.4,-0.05,2.59,23.61,-24.03,7.6,-31.64,8.57,1
-29.41,2.76,-17.4,-0.05,2.2,15.6,-24.03,7.6,-30.84,7.62,1
-29.41,2.76,-17.4,-0.05,2.2,15.6,-22.31,6.66,-28.59,6.26,1
-33.57,9.64,-17.4,-0.05,2.2,15.6,-22.31,6.66,-27.8,6.55,1
-33.57,9.64,-19.08,0.63,2.2,15.6,-22.31,6.66,-27.13,7.77,1
-33.57,9.64,-19.08,0.63,-3.87,22.8,-22.31,6.66,-26.93,8.5,1
-33.57,9.64,-19.08,0.63,-3.87,22.8,-28.09,8.09,-27.34,9.81,1
-33.25,10.9,-19.08,0.63,-3.87,22.8,-28.09,8.09,-26.26,11.27,1
-33.25,10.9,-21.7,3.87,-3.87,22.8,-28.09,8.09,-25.65,12.15,1
-33.25,10.9,-21.7,3.87,-4.7,23.71,-28.09,8.09,-24.09,12.89,1
-33.25,10.9,-21.7,3.87,-4.7,23.71,-28.81,11.08,-23.97,13.05,1
-31.15,13.39,-21.7,3.87,-4.7,23.71,-28.81,11.08,-24.61,12.99,1
-31.15,13.39,-21.08,5.01,-4.7,23.71,-28.81,11.08,-25.15,12.93,1
-31.15,13.39,-21.08,5.01,-3.38,22.45,-28.81,11.08,-26.01,12.43,1
-31.15,13.39,-21.08,5.01,-3.38,22.45,-26.16,9.9,-26.19,12.46,1
-29.35,13.15,-21.08,5.01,-3.38,22.45,-26.16,9.9,-25.97,12.74,1
-29.35,13.15,-21.25,3.03,-3.38,22.45,-26.16,9.9,-26.44,12.45,1
-29.35,13.15,-21.25,3.03,-2.01,24.35,-26.16,9.9,-26.7,12.45,1
-29.35,13.15,-21.25,3.03,-2.01,24.35,-26.26,10.19,-26.93,12.46,1
-29.26,9.94,-21.25,3.03,-2.01,24.35,-26.26,10.19,-27.02,12.58,1
-29.26,9.94,-18.89,4.63,-2.01,24.35,-26.26,10.19,-27.61,12.7,1
-29.26,9.94,-18.89,4.63,-1.82,23.7,-26.26,10.19,-27.85,12.69,1
-29.26,9.94,-18.89,4.63,-1.82,23.7,-25.28,10.44,-28.05,12.61,1
-29.62,10.44,-18.89,4.63,-1.82,23.7,-25.28,10.44,-28.37,12.46,1
-29.62,10.44,-18.77,2.89,-1.82,23.7,-25.28,10.44,-28.52,12.54,1
-29.62,10.44,-18.77,2.89,-1.34,23.9,-25.28,10.44,-28.78,12.52,1
-29.62,10.44,-18.77,2.89,-1.34,23.9,-25.54,10.24,-28.77,12.52,1
-27.99,11.19,-18.77,2.89,-1.34,23.9,-25.54,10.24,-28.95,12.62,1
-27.99,11.19,-15.8,6.07,-1.34,23.9,-25.54,10.24,-29.19,12.66,1
-27.99,11.19,-15.8,6.07,-5.94,28.71,-25.54,10.24,-29.53,13.06,1
-27.99,11.19,-15.8,6.07,-5.94,28.71,-22.04,9.82,-30.77,12.66,1
-28.67,9.41,-15.8,6.07,-5.94,28.71,-22.04,9.82,-29.79,12.69,1
-28.67,9.41,-18.22,4.91,-5.94,28.71,-22.04,9.82,-29.71,14.23,1
-28.67,9.41,-18.22,4.91,0.07,24.54,-22.04,9.82,-27.6,15.08,1
-28.67,9.41,-18.22,4.91,0.07,24.54,-27.39,12.53,-25.92,14.69,1
-29.72,13.69,-18.22,4.91,0.07,24.54,-27.39,12.53,-26.12,14.9,1
-29.72,13.69,-18.11,6.46,0.07,24.54,-27.39,12.53,-26.45,14.69,1
-29.72,13.69,-18.11,6.46,-3.07,25.21,-27.39,12.53,-25.54,14.51,1
-29.72,13.69,-18.11,6.46,-3.07,25.21,-29.3,11.63,-25.04,15.45,1
-28.64,16.25,-18.11,6.46,-3.07,25.21,-29.3,11.63,-25.68,15.52,1
-28.64,16.25,-21.34,6.32,-3.07,25.21,-29.3,11.63,-25.59,15.62,1
-28.64,16.25,-21.34,6.32,-3.97,25.25,-29.3,11.63,-25.21,15.17,1
-28.64,16.25,-21.34,6.32,-3.97,25.25,-27.84,11.34,-25.22,14.84,1
-29.69,13.23,-21.34,6.32,-3.97,25.25,-27.84,11.34,-25.47,14.66,1
-29.69,13.23,-20.01,5.59,-3.97,25.25,-27.84,11.34,-25.59,14.52,1
-29.69,13.23,-20.01,5.59,-2.85,24.02,-27.84,11.34,-26.13,14.19,1
-29.69,13.23,-20.01,5.59,-2.85,24.02,-26.68,12.5,-26.01,14.22,1
-29.78,13.13,-20.01,5.59,-2.85,24.02,-26.68,12.5,-26.44,13.95,1
-29.78,13.13,-18.5,5.19,-2.85,24.02,-26.68,12.5,-27.1,13.5,1
-29.78,13.13,-18.5,5.19,-1.86,23.5,-26.68,12.5,-27.32,13.27,1
-29.78,13.13,-18.5,5.19,-1.86,23.5,-27.47,10.46,-26.75,13.5,1
-29.65,12.49,-18.5,5.19,-1.86,23.5,-27.47,10.46,-26.92,13.2,1
-29.65,12.49,-18.77,3.44,-1.86,23.5,-27.47,10.46,-27.02,13.07,1
-29.65,12.49,-18.77,3.44,-2.56,24.97,-27.47,10.46,-26.89,13.0,1
-29.65,12.49,-18.77,3.44,-2.56,24.97,-27.13,9.77,-27.23,12.85,1
-28.03,12.6,-18.77,3.44,-2.56,24.97,-27.13,9.77,-27.12,13.26,1
-28.03,12.6,-19.13,4.65,-2.56,24.97,-27.13,9.77,-27.1,13.17,1
-28.03,12.6,-19.13,4.65,-2.27,22.68,-27.13,9.77,-27.09,13.26,1
-28.03,12.6,-19.13,4.65,-2.27,22.68,-27.6,10.98,-26.9,13.41,1
-27.82,12.81,-19.13,4.65,-2.27,22.68,-27.6,10.98,-26.97,13.51,1
-27.82,12.81,-19.21,4.13,-2.27,22.68,-27.6,10.98,-27.38,13.45,1
-27.82,12.81,-19.21,4.13,-2.93,24.14,-27.6,10.98,-27.38,13.41,1
-59.19,-20.95,-34.12,-46.03,-7.93,-33.62,-28.3,-44.83,21.64,-48.58,2
-59.19,-20.95,-31.12,-48.9,-7.93,-33.62,-28.3,-44.83,21.11,-48.57,2
-59.19,-20.95,-31.12,-48.9,-8.22,-34.05,-28.3,-44.83,21.37,-48.74,2
-59.19,-20.95,-31.12,-48.9,-8.22,-34.05,-30.31,-43.49,21.2,-48.75,2
-58.39,-20.48,-31.12,-48.9,-8.22,-34.05,-30.31,-43.49,20.95,-48.95,2
-58.39,-20.48,-31.95,-48.2,-8.22,-34.05,-30.31,-43.49,20.9,-49.1,2
-58.39,-20.48,-31.95,-48.2,-5.16,-35.02,-30.31,-43.49,20.85,-49.14,2
-58.39,-20.48,-31.95,-48.2,-5.16,-35.02,-30.74,-42.91,20.36,-49.15,2
-59.05,-20.54,-31.95,-48.2,-5.16,-35.02,-30.74,-42.91,20.35,-49.21,2
-59.05,-20.54,-30.14,-49.67,-5.16,-35.02,-30.74,-42.91,20.07,-49.65,2
-59.05,-20.54,-30.14,-49.67,-5.0,-35.99,-30.74,-42.91,19.97,-49.79,2
-59.05,-20.54,-30.14,-49.67,-5.0,-35.99,-28.25,-45.16,19.55,-50.0,2
-59.1,-20.95,-30.14,-49.67,-5.0,-35.99,-28.25,-45.16,19.5,-49.73,2
-59.1,-20.95,-30.15,-49.8,-5.0,-35.99,-28.25,-45.16,18.51,-49.63,2
-59.1,-20.95,-30.15,-49.8,-4.79,-32.81,-28.25,-45.16,16.79,-49.69,2
-59.1,-20.95,-30.15,-49.8,-4.79,-32.81,-29.1,-42.88,17.45,-49.66,2
-58.48,-21.63,-30.15,-49.8,-4.79,-32.81,-29.1,-42.88,18.72,-49.54,2
-58.48,-21.63,-33.43,-45.33,-4.79,-32.81,-29.1,-42.88,18.14,-49.67,2
-58.48,-21.63,-33.43,-45.33,-5.06,-32.94,-29.1,-42.88,16.35,-49.44,2
-58.48,-21.63,-33.43,-45.33,-5.06,-32.94,-28.9,-43.25,15.65,-49.13,2
-58.06,-22.04,-33.43,-45.33,-5.06,-32.94,-28.9,-43.25,16.27,-48.88,2
-58.06,-22.04,-33.75,-44.66,-5.06,-32.94,-28.9,-43.25,16.5,-47.24,2
-58.06,-22.04,-33.75,-44.66,-5.68,-32.78,-28.9,-43.25,17.17,-46.83,2
-58.06,-22.04,-33.75,-44.66,-5.68,-32.78,-31.5,-40.34,16.47,-47.36,2
-59.57,-20.85,-33.75,-44.66,-5.68,-32.78,-31.5,-40.34,16.42,-47.37,2
-59.57,-20.85,-30.17,-48.78,-5.68,-32.78,-31.5,-40.34,16.42,-47.3,2
-59.57,-20.85,-30.17,-48.78,-6.97,-31.51,-31.5,-40.34,15.93,-47.32,2
-59.57,-20.85,-30.17,-48.78,-6.97,-31.51,-29.24,-42.61,15.8,-47.3,2
-62.36,-18.57,-30.17,-48.78,-6.97,-31.51,-29.24,-42.61,15.19,-47.25,2
-62.36,-18.57,-30.36,-48.7,-6.97,-31.51,-29.24,-42.61,15.14,-47.21,2
-62.36,-18.57,-30.36,-48.7,-6.15,-33.68,-29.24,-42.61,15.42,-47.24,2
-62.36,-18.57,-30.36,-48.7,-6.15,-33.68,-31.31,-39.95,15.37,-47.29,2
-60.75,-19.22,-30.36,-48.7,-6.15,-33.68,-31.31,-39.95,16.01,-47.51,2
-60.75,-19.22,-30.81,-49.14,-6.15,-33.68,-31.31,-39.95,16.39,-47.61,2
-60.75,-19.22,-30.81,-49.14,-10.8,-29.91,-31.31,-39.95,18.44,-46.8,2
-60.75,-19.22,-30.81,-49.14,-10.8,-29.91,-40.98,-34.77,19.39,-44.62,2
-60.45,-18.67,-30.81,-49.14,-10.8,-29.91,-40.98,-34.77,20.04,-44.24,2
-60.45,-18.67,-37.42,-41.77,-10.8,-29.91,-40.98,-34.77,20.01,-43.21,2
-60.45,-18.67,-37.42,-41.77,-11.51,-29.82,-40.98,-34.77,19.2,-42.31,2
-60.45,-18.67,-37.42,-41.77,-11.51,-29.82,-37.39,-35.32,19.31,-40.4,2
-66.18,-14.27,-37.42,-41.77,-11.51,-29.82,-37.39,-35.32,17.87,-39.66,2
-66.18,-14.27,-40.13,-31.3,-11.51,-29.82,-37.39,-35.32,15.26,-37.57,2
-66.18,-14.27,-40.13,-31.3,-11.25,-21.28,-37.39,-35.32,13.23,-34.7,2
-66.18,-14.27,-40.13,-31.3,-11.25,-21.28,-36.26,-32.34,13.8,-33.32,2
-68.18,-13.96,-40.13,-31.3,-11.25,-21.28,-36.26,-32.34,13.8,-34.95,2
-68.18,-13.96,-34.04,-36.83,-11.25,-21.28,-36.26,-32.34,14.9,-33.35,2
-68.18,-13.96,-34.04,-36.83,-12.06,-21.21,-36.26,-32.34,13.91,-35.69,2
-68.18,-13.96,-34.04,-36.83,-12.06,-21.21,-41.95,-27.53,13.78,-36.12,2
-73.08,-6.71,-34.04,-36.83,-12.06,-21.21,-41.95,-27.53,14.0,-32.13,2
-73.08,-6.71,-39.29,-35.37,-12.06,-21.21,-41.95,-27.53,14.53,-32.75,2
-73.08,-6.71,-39.29,-35.37,-5.27,-27.63,-41.95,-27.53,13.98,-35.89,2
-73.08,-6.71,-39.29,-35.37,-5.27,-27.63,-33.54,-35.98,11.89,-39.67,2
-66.68,-14.78,-39.29,-35.37,-5.27,-27.63,-33.54,-35.98,12.32,-39.24,2
-66.68,-14.78,-34.2,-42.06,-5.27,-27.63,-33.54,-35.98,12.86,-40.5,2
-66.68,-14.78,-34.2,-42.06,-7.52,-24.69,-33.54,-35.98,12.61,-40.57,2
-66.68,-14.78,-34.2,-42.06,-7.52,-24.69,-33.99,-33.72,11.91,-39.87,2
-62.93,-18.26,-34.2,-42.06,-7.52,-24.69,-33.99,-33.72,11.17,-39.98,2
-62.93,-18.26,-37.24,-37.92,-7.52,-24.69,-33.99,-33.72,11.16,-39.66,2
-62.93,-18.26,-37.24,-37.92,-6.02,-25.9,-33.99,-33.72,11.18,-39.86,2
-62.93,-18.26,-37.24,-37.92,-6.02,-25.9,-28.56,-41.13,10.98,-40.19,2
-64.03,-16.91,-37.24,-37.92,-6.02,-25.9,-28.56,-41.13,10.33,-43.71,2
-64.03,-16.91,-31.16,-45.47,-6.02,-25.9,-28.56,-41.13,10.67,-43.72,2
-64.03,-16.91,-31.16,-45.47,-5.32,-28.39,-28.56,-41.13,10.87,-44.19,2
-64.03,-16.91,-31.16,-45.47,-5.32,-28.39,-32.39,-36.06,10.52,-43.99,2
-58.25,-23.21,-31.16,-45.47,-5.32,-28.39,-32.39,-36.06,10.46,-43.93,2
-58.25,-23.21,-30.79,-45.54,-5.32,-28.39,-32.39,-36.06,9.62,-44.36,2
-58.25,-23.21,-30.79,-45.54,-4.2,-29.73,-32.39,-36.06,9.36,-44.68,2
-58.25,-23.21,-30.79,-45.54,-4.2,-29.73,-29.84,-39.8,9.77,-44.7,2
-60.28,-21.11,-30.79,-45.54,-4.2,-29.73,-29.84,-39.8,9.57,-44.57,2
-60.28,-21.11,-29.23,-45.93,-4.2,-29.73,-29.84,-39.8,9.33,-44.47,2
-60.28,-21.11,-29.23,-45.93,-4.75,-28.29,-29.84,-39.8,9.4,-44.59,2
-60.28,-21.11,-29.23,-45.93,-4.75,-28.29,-28.76,-39.96,9.45,-44.47,2
-60.44,-21.03,-29.23,-45.93,-4.75,-28.29,-28.76,-39.96,9.55,-44.43,2
-60.44,-21.03,-29.52,-46.82,-4.75,-28.29,-28.76,-39.96,9.48,-44.51,2
-60.44,-21.03,-29.52,-46.82,-4.04,-28.49,-28.76,-39.96,9.53,-44.57,2
-60.44,-21.03,-29.52,-46.82,-4.04,-28.49,-30.35,-38.55,9.69,-44.6,2
-60.61,-20.73,-29.52,-46.82,-4.04,-28.49,-30.35,-38.55,9.34,-44.52,2
-60.61,-20.73,-30.44,-45.55,-4.04,-28.49,-30.35,-38.55,9.32,-44.41,2
-60.61,-20.73,-30.44,-45.55,-4.58,-28.3,-30.35,-38.55,9.1,-44.42,2
-60.61,-20.73,-30.44,-45.55,-4.58,-28.3,-29.48,-38.4,8.88,-44.29,2
-60.24,-21.18,-30.44,-45.55,-4.58,-28.3,-29.48,-38.4,8.84,-44.17,2
-60.24,-21.18,-31.51,-43.98,-4.58,-28.3,-29.48,-38.4,8.57,-43.87,2
-60.24,-21.18,-31.51,-43.98,-3.67,-27.58,-29.48,-38.4,8.44,-43.85,2
-60.24,-21.18,-31.51,-43.98,-3.67,-27.58,-29.08,-38.48,8.52,-43.81,2
-61.98,-19.4,-31.51,-43.98,-3.67,-27.58,-29.08,-38.48,8.31,-43.73,2
-61.98,-19.4,-29.02,-45.79,-3.67,-27.58,-29.08,-38.48,7.96,-43.66,2
-61.98,-19.4,-29.02,-45.79,-4.25,-27.31,-29.08,-38.48,7.43,-44.22,2
-61.98,-19.4,-29.02,-45.79,-4.25,-27.31,-28.29,-39.49,8.02,-44.28,2
-59.04,-22.32,-29.02,-45.79,-4.25,-27.31,-28.29,-39.49,7.95,-44.85,2
-59.04,-22.32,-30.49,-45.43,-4.25,-27.31,-28.29,-39.49,7.86,-45.25,2
-59.04,-22.32,-30.49,-45.43,-1.73,-29.5,-28.29,-39.49,7.51,-45.48,2
-59.04,-22.32,-30.49,-45.43,-1.73,-29.5,-28.86,-38.54,7.51,-45.53,2
-59.32,-22.01,-30.49,-45.43,-1.73,-29.5,-28.86,-38.54,7.61,-45.35,2
-59.32,-22.01,-29.93,-45.56,-1.73,-29.5,-28.86,-38.54,7.76,-44.97,2
-59.32,-22.01,-29.93,-45.56,-2.8,-29.07,-28.86,-38.54,7.64,-45.07,2
-59.32,-22.01,-29.93,-45.56,-2.8,-29.07,-29.2,-38.46,7.83,-45.17,2
-61.54,-19.85,-29.93,-45.56,-2.8,-29.07,-29.2,-38.46,7.89,-45.21,2
-61.54,-19.85,-22.48,-44.18,-2.8,-29.07,-29.2,-38.46,8.42,-42.98,2
-61.54,-19.85,-22.48,-44.18,-7.04,-22.45,-29.2,-38.46,8.55,-40.65,2
-61.54,-19.85,-22.48,-44.18,-7.04,-22.45,-33.96,-34.46,8.55,-39.18,2
-56.38,-18.05,-22.48,-44.18,-7.04,-22.45,-33.96,-34.46,9.16,-39.02,2
-56.38,-18.05,-31.34,-33.83,-7.04,-22.45,-33.96,-34.46,8.18,-37.62,2
-56.38,-18.05,-31.34,-33.83,-9.06,-21.15,-33.96,-34.46,8.96,-35.97,2
-56.38,-18.05,-31.34,-33.83,-9.06,-21.15,-38.81,-31.71,11.06,-35.65,2
-70.78,-10.63,-31.34,-33.83,-9.06,-21.15,-38.81,-31.71,13.21,-34.36,2
-70.78,-10.63,-41.36,-33.99,-9.06,-21.15,-38.81,-31.71,14.41,-34.11,2
-70.78,-10.63,-41.36,-33.99,-11.19,-21.73,-38.81,-31.71,14.62,-34.12,2
-70.78,-10.63,-41.36,-33.99,-11.19,-21.73,-40.94,-30.9,14.35,-34.58,2
-69.0,-12.37,-41.36,-33.99,-11.19,-21.73,-40.94,-30.9,14.31,-34.79,2
-69.0,-12.37,-36.89,-37.08,-11.19,-21.73,-40.94,-30.9,14.1,-35.13,2
-69.0,-12.37,-36.89,-37.08,-10.5,-22.77,-40.94,-30.9,13.99,-35.18,2
-69.0,-12.37,-36.89,-37.08,-10.5,-22.77,-41.08,-31.37,14.23,-35.3,2
-68.23,-13.15,-36.89,-37.08,-10.5,-22.77,-41.08,-31.37,14.4,-35.32,2
-68.23,-13.15,-37.98,-36.23,-10.5,-22.77,-41.08,-31.37,14.4,-35.11,2
-68.23,-13.15,-37.98,-36.23,-9.47,-22.36,-41.08,-31.37,13.3,-35.04,2
-68.23,-13.15,-37.98,-36.23,-9.47,-22.36,-39.87,-31.98,13.21,-35.06,2
-68.47,-12.65,-37.98,-36.23,-9.47,-22.36,-39.87,-31.98,13.0,-34.35,2
-68.47,-12.65,-37.88,-35.47,-9.47,-22.36,-39.87,-31.98,13.04,-34.26,2
-68.47,-12.65,-37.88,-35.47,-11.47,-22.39,-39.87,-31.98,12.88,-34.17,2
-68.47,-12.65,-37.88,-35.47,-11.47,-22.39,-41.0,-31.19,13.01,-33.93,2
-69.78,-11.5,-37.88,-35.47,-11.47,-22.39,-41.0,-31.19,13.01,-33.93,2
-69.78,-11.5,-38.97,-35.43,-11.47,-22.39,-41.0,-31.19,12.95,-33.92,2
-69.78,-11.5,-38.97,-35.43,-10.47,-22.75,-41.0,-31.19,12.93,-33.77,2
-69.78,-11.5,-38.97,-35.43,-10.47,-22.75,-41.93,-30.28,12.76,-33.65,2
-69.31,-11.82,-38.97,-35.43,-10.47,-22.75,-41.93,-30.28,12.9,-33.78,2
-69.31,-11.82,-36.86,-36.99,-10.47,-22.75,-41.93,-30.28,12.77,-33.79,2
-69.31,-11.82,-36.86,-36.99,-10.86,-21.71,-41.93,-30.28,12.67,-33.87,2
-69.31,-11.82,-36.86,-36.99,-10.86,-21.71,-41.5,-29.72,11.87,-34.72,2
-65.65,-15.7,-36.86,-36.99,-10.86,-21.71,-41.5,-29.72,11.06,-35.12,2
-65.65,-15.7,-35.92,-37.71,-10.86,-21.71,-41.5,-29.72,11.04,-35.35,2
-65.65,-15.7,-35.92,-37.71,-6.87,-20.66,-41.5,-29.72,8.33,-36.73,2
-65.65,-15.7,-35.92,-37.71,-6.87,-20.66,-31.13,-36.89,4.98,-38.5,2
-60.29,-21.44,-35.92,-37.71,-6.87,-20.66,-31.13,-36.89,5.37,-40.62,2
-60.29,-21.44,-29.51,-45.99,-6.87,-20.66,-31.13,-36.89,7.23,-40.79,2
-60.29,-21.44,-29.51,-45.99,-8.15,-22.94,-31.13,-36.89,9.06,-38.42,2
-60.29,-21.44,-29.51,-45.99,-8.15,-22.94,-39.28,-31.22,9.29,-36.71,2
-63.88,-16.36,-29.51,-45.99,-8.15,-22.94,-39.28,-31.22,9.39,-35.63,2
-63.88,-16.36,-38.92,-31.99,-8.15,-22.94,-39.28,-31.22,10.22,-32.43,2
-63.88,-16.36,-38.92,-31.99,-13.42,-18.14,-39.28,-31.22,10.76,-31.37,2
-63.88,-16.36,-38.92,-31.99,-13.42,-18.14,-44.04,-26.88,11.82,-31.34,2
-72.37,-8.74,-38.92,-31.99,-13.42,-18.14,-44.04,-26.88,12.26,-31.54,2
-72.37,-8.74,-41.21,-32.39,-13.42,-18.14,-44.04,-26.88,12.68,-31.28,2
-72.37,-8.74,-41.21,-32.39,-12.16,-21.03,-44.04,-26.88,12.7,-31.07,2
-72.37,-8.74,-41.21,-32.39,-12.16,-21.03,-44.23,-28.06,12.8,-31.07,2
-71.64,-9.52,-41.21,-32.39,-12.16,-21.03,-44.23,-28.06,13.0,-31.19,2
-71.64,-9.52,-40.67,-32.91,-12.16,-21.03,-44.23,-28.06,13.09,-31.2,2
-71.64,-9.52,-40.67,-32.91,-12.99,-20.71,-44.23,-28.06,13.1,-31.11,2
-71.64,-9.52,-40.67,-32.91,-12.99,-20.71,-42.78,-28.71,13.13,-31.21,2
-71.72,-9.17,-40.67,-32.91,-12.99,-20.71,-42.78,-28.71,13.0,-31.22,2
-71.72,-9.17,-41.85,-31.52,-12.99,-20.71,-42.78,-28.71,12.84,-31.17,2
-71.72,-9.17,-41.85,-31.52,-12.63,-20.77,-42.78,-28.71,12.79,-31.21,2
-71.72,-9.17,-41.85,-31.52,-12.63,-20.77,-42.79,-29.03,12.74,-31.34,2
-71.81,-9.07,-41.85,-31.52,-12.63,-20.77,-42.79,-29.03,12.71,-31.42,2
-71.81,-9.07,-39.67,-34.33,-12.63,-20.77,-42.79,-29.03,12.74,-31.47,2
-71.81,-9.07,-39.67,-34.33,-12.47,-20.83,-42.79,-29.03,13.0,-31.55,2
-71.81,-9.07,-39.67,-34.33,-12.47,-20.83,-43.77,-28.39,13.17,-31.87,2
-70.9,-10.35,-39.67,-34.33,-12.47,-20.83,-43.77,-28.39,13.11,-31.84,2
-70.9,-10.35,-40.86,-33.11,-12.47,-20.83,-43.77,-28.39,13.17,-31.85,2
-70.9,-10.35,-40.86,-33.11,-13.77,-20.89,-43.77,-28.39,13.18,-31.55,2
-70.9,-10.35,-40.86,-33.11,-13.77,-20.89,-42.73,-29.71,13.28,-31.44,2
-72.01,-9.17,-40.86,-33.11,-13.77,-20.89,-42.73,-29.71,13.32,-31.54,2
-72.01,-9.17,-41.49,-32.58,-13.77,-20.89,-42.73,-29.71,13.29,-31.44,2
-72.01,-9.17,-41.49,-32.58,-12.29,-21.78,-42.73,-29.71,13.32,-31.46,2
-72.01,-9.17,-41.49,-32.58,-12.29,-21.78,-42.79,-29.49,13.27,-31.68,2
-72.75,-8.01,-41.49,-32.58,-12.29,-21.78,-42.79,-29.49,13.33,-31.58,2
-72.75,-8.01,-39.38,-34.52,-12.29,-21.78,-42.79,-29.49,13.2,-31.35,2
-72.75,-8.01,-39.38,-34.52,-13.29,-20.82,-42.79,-29.49,13.35,-31.46,2
-72.75,-8.01,-39.38,-34.52,-13.29,-20.82,-44.23,-28.17,13.26,-31.42,2
-70.26,-11.06,-39.38,-34.52,-13.29,-20.82,-44.23,-28.17,13.33,-31.43,2
-70.26,-11.06,-41.42,-32.47,-13.29,-20.82,-44.23,-28.17,13.45,-31.52,2
-70.26,-11.06,-41.42,-32.47,-13.74,-20.78,-44.23,-28.17,13.36,-31.53,2
-70.26,-11.06,-41.42,-32.47,-13.74,-20.78,-42.51,-30.58,13.39,-31.59,2
-71.96,-9.13,-41.42,-32.47,-13.74,-20.78,-42.51,-30.58,13.37,-31.73,2
-71.96,-9.13,-41.05,-33.07,-13.74,-20.78,-42.51,-30.58,13.39,-31.69,2
-71.96,-9.13,-41.05,-33.07,-12.27,-21.55,-42.51,-30.58,13.23,-31.72,2
-71.96,-9.13,-41.05,-33.07,-12.27,-21.55,-43.26,-29.38,13.31,-31.8,2
-72.61,-8.6,-41.05,-33.07,-12.27,-21.55,-43.26,-29.38,13.38,-32.0,2
-72.61,-8.6,-39.81,-35.21,-12.27,-21.55,-43.26,-29.38,13.36,-31.99,2
-72.61,-8.6,-39.81,-35.21,-13.71,-21.64,-43.26,-29.38,13.36,-32.05,2
-72.61,-8.6,-39.81,-35.21,-13.71,-21.64,-43.2,-29.75,13.44,-31.95,2
-71.99,-9.1,-39.81,-35.21,-13.71,-21.64,-43.2,-29.75,13.53,-31.84,2
-71.99,-9.1,-40.54,-33.75,-13.71,-21.64,-43.2,-29.75,13.11,-31.67,2
-71.99,-9.1,-40.54,-33.75,-14.18,-21.42,-43.2,-29.75,13.32,-31.68,2
-71.99,-9.1,-40.54,-33.75,-14.18,-21.42,-42.82,-30.88,13.27,-31.64,2
-72.9,-8.18,-40.54,-33.75,-14.18,-21.42,-42.82,-30.88,13.24,-31.71,2
-72.9,-8.18,-42.08,-32.57,-14.18,-21.42,-42.82,-30.88,13.35,-31.62,2
-72.9,-8.18,-42.08,-32.57,-13.06,-22.56,-42.82,-30.88,13.33,-31.49,2
-72.9,-8.18,-42.08,-32.57,-13.06,-22.56,-45.41,-28.14,13.45,-31.56,2
-71.84,-9.5,-42.08,-32.57,-13.06,-22.56,-45.41,-28.14,13.42,-31.64,2
-71.84,-9.5,-41.41,-33.89,-13.06,-22.56,-45.41,-28.14,13.56,-31.64,2
-71.84,-9.5,-41.41,-33.89,-14.85,-21.8,-45.41,-28.14,13.94,-31.77,2
-71.84,-9.5,-41.41,-33.89,-14.85,-21.8,-44.08,-29.92,13.93,-31.9,2
-71.99,-9.64,-41.41,-33.89,-14.85,-21.8,-44.08,-29.92,13.79,-32.05,2
-71.99,-9.64,-41.57,-33.46,-14.85,-21.8,-44.08,-29.92,13.75,-32.23,2
-71.99,-9.64,-41.57,-33.46,-14.34,-23.0,-44.08,-29.92,13.75,-32.28,2
-71.99,-9.64,-41.57,-33.46,-14.34,-23.0,-41.06,-32.4,13.55,-32.5,2
-72.33,-9.11,-41.57,-33.46,-14.34,-23.0,-41.06,-32.4,13.57,-32.66,2
-72.33,-9.11,-40.34,-35.39,-14.34,-23.0,-41.06,-32.4,13.77,-32.86,2
-72.33,-9.11,-40.34,-35.39,-13.3,-23.88,-41.06,-32.4,14.07,-32.92,2
-72.33,-9.11,-40.34,-35.39,-13.3,-23.88,-44.11,-29.83,14.07,-32.9,2
-70.87,-10.55,-40.34,-35.39,-13.3,-23.88,-44.11,-29.83,14.11,-32.88,2
-70.87,-10.55,-42.36,-34.28,-13.3,-23.88,-44.11,-29.83,14.79,-33.1,2
-70.87,-10.55,-42.36,-34.28,-14.59,-25.24,-44.11,-29.83,15.81,-34.03,2
-70.87,-10.55,-42.36,-34.28,-14.59,-25.24,-42.44,-32.63,16.13,-34.28,2
-70.47,-10.75,-42.36,-34.28,-14.59,-25.24,-42.44,-32.63,16.48,-34.65,2
-70.47,-10.75,-40.75,-36.84,-14.59,-25.24,-42.44,-32.63,16.64,-35.12,2
-70.47,-10.75,-40.75,-36.84,-13.31,-27.62,-42.44,-32.63,16.79,-35.68,2
-70.47,-10.75,-40.75,-36.84,-13.31,-27.62,-40.55,-35.61,16.89,-36.68,2
-67.88,-12.78,-40.75,-36.84,-13.31,-27.62,-40.55,-35.61,17.04,-37.01,2
-67.88,-12.78,-40.08,-37.99,-13.31,-27.62,-40.55,-35.61,17.21,-37.23,2
-67.88,-12.78,-40.08,-37.99,-11.67,-29.13,-40.55,-35.61,17.2,-37.18,2
-67.88,-12.78,-40.08,-37.99,-11.67,-29.13,-42.75,-33.38,17.32,-36.96,2
-67.27,-13.38,-40.08,-37.99,-11.67,-29.13,-42.75,-33.38,17.31,-36.87,2
-67.27,-13.38,-41.63,-36.54,-11.67,-29.13,-42.75,-33.38,17.36,-36.74,2
-67.27,-13.38,-41.63,-36.54,-14.49,-27.3,-42.75,-33.38,17.31,-36.63,2
-67.27,-13.38,-41.63,-36.54,-14.49,-27.3,-40.22,-35.91,17.29,-36.58,2
-71.08,-9.83,-41.63,-36.54,-14.49,-27.3,-40.22,-35.91,17.29,-36.42,2
-71.08,-9.83,-40.02,-38.11,-14.49,-27.3,-40.22,-35.91,17.35,-36.27,2
-71.08,-9.83,-40.02,-38.11,-13.34,-27.53,-40.22,-35.91,17.44,-36.1,2
-71.08,-9.83,-40.02,-38.11,-13.34,-27.53,-43.33,-32.78,17.5,-36.05,2
-68.61,-12.17,-40.02,-38.11,-13.34,-27.53,-43.33,-32.78,17.45,-35.86,2
-68.61,-12.17,-41.15,-36.56,-13.34,-27.53,-43.33,-32.78,17.47,-35.84,2
-68.61,-12.17,-41.15,-36.56,-13.76,-27.07,-43.33,-32.78,17.39,-35.84,2
-68.61,-12.17,-41.15,-36.56,-13.76,-27.07,-42.05,-34.06,17.31,-35.86,2
-69.2,-11.81,-41.15,-36.56,-13.76,-27.07,-42.05,-34.06,17.2,-35.87,2
-69.2,-11.81,-41.93,-35.52,-13.76,-27.07,-42.05,-34.06,17.18,-35.72,2
-69.2,-11.81,-41.93,-35.52,-14.11,-27.06,-42.05,-34.06,17.22,-35.55,2
-69.2,-11.81,-41.93,-35.52,-14.11,-27.06,-41.01,-34.97,17.23,-35.51,2
-71.99,-8.99,-41.93,-35.52,-14.11,-27.06,-41.01,-34.97,17.28,-35.51,2
-71.99,-8.99,-41.69,-36.0,-14.11,-27.06,-41.01,-34.97,17.22,-35.31,2
-71.99,-8.99,-41.69,-36.0,-13.93,-27.22,-41.01,-34.97,17.11,-35.28,2
-71.99,-8.99,-41.69,-36.0,-13.93,-27.22,-43.78,-32.04,17.09,-35.3,2
-70.16,-10.82,-41.69,-36.0,-13.93,-27.22,-43.78,-32.04,17.12,-35.12,2
-70.16,-10.82,-39.87,-38.03,-13.93,-27.22,-43.78,-32.04,17.08,-35.17,2
-70.16,-10.82,-39.87,-38.03,-15.23,-25.42,-43.78,-32.04,17.07,-35.19,2
-70.16,-10.82,-39.87,-38.03,-15.23,-25.42,-42.24,-33.73,17.02,-35.05,2
-70.35,-10.54,-39.87,-38.03,-15.23,-25.42,-42.24,-33.73,17.18,-34.89,2
-70.35,-10.54,-41.98,-35.5,-15.23,-25.42,-42.24,-33.73,17.17,-34.81,2
-70.35,-10.54,-41.98,-35.5,-14.14,-26.44,-42.24,-33.73,17.23,-34.8,2
-70.35,-10.54,-41.98,-35.5,-14.14,-26.44,-43.9,-32.24,17.24,-34.68,2
-71.55,-9.54,-41.98,-35.5,-14.14,-26.44,-43.9,-32.24,17.29,-34.52,2
-71.55,-9.54,-42.05,-35.64,-14.14,-26.44,-43.9,-32.24,17.25,-34.35,2
-71.55,-9.54,-42.05,-35.64,-15.45,-26.12,-43.9,-32.24,17.34,-34.3,2
-71.55,-9.54,-42.05,-35.64,-15.45,-26.12,-43.02,-32.95,17.4,-34.29,2
-72.15,-8.87,-42.05,-35.64,-15.45,-26.12,-43.02,-32.95,17.37,-34.27,2
-72.15,-8.87,-42.17,-35.35,-15.45,-26.12,-43.02,-32.95,17.42,-34.23,2
-72.15,-8.87,-42.17,-35.35,-15.12,-25.75,-43.02,-32.95,17.64,-33.82,2
-72.15,-8.87,-42.17,-35.35,-15.12,-25.75,-45.52,-31.04,17.69,-33.63,2
-71.7,-9.56,-42.17,-35.35,-15.12,-25.75,-45.52,-31.04,17.65,-33.74,2
-71.7,-9.56,-42.69,-34.28,-15.12,-25.75,-45.52,-31.04,17.63,-33.78,2
-71.7,-9.56,-42.69,-34.28,-14.99,-25.61,-45.52,-31.04,17.33,-33.76,2
-71.7,-9.56,-42.69,-34.28,-14.99,-25.61,-43.96,-32.09,17.28,-33.8,2
-72.7,-8.38,-42.69,-34.28,-14.99,-25.61,-43.96,-32.09,17.31,-33.8,2
-72.7,-8.38,-43.39,-34.01,-14.99,-25.61,-43.96,-32.09,17.34,-33.6,2
-72.7,-8.38,-43.39,-34.01,-15.31,-25.13,-43.96,-32.09,17.31,-33.59,2
-72.7,-8.38,-43.39,-34.01,-15.31,-25.13,-43.19,-32.88,17.58,-33.68,2
-71.39,-9.76,-43.39,-34.01,-15.31,-25.13,-43.19,-32.88,17.56,-33.88,2
-71.39,-9.76,-42.24,-35.54,-15.31,-25.13,-43.19,-32.88,17.72,-33.99,2
-71.39,-9.76,-42.24,-35.54,-15.59,-25.54,-43.19,-32.88,17.72,-33.83,2
-71.39,-9.76,-42.24,-35.54,-15.59,-25.54,-43.33,-33.05,17.73,-33.71,2
-73.45,-7.37,-42.24,-35.54,-15.59,-25.54,-43.33,-33.05,17.78,-33.51,2
-73.45,-7.37,-42.47,-34.69,-15.59,-25.54,-43.33,-33.05,17.68,-33.36,2
-73.45,-7.37,-42.47,-34.69,-15.24,-25.96,-43.33,-33.05,17.8,-33.16,2
-73.45,-7.37,-42.47,-34.69,-15.24,-25.96,-45.95,-30.42,17.67,-33.04,2
-70.52,-10.53,-42.47,-34.69,-15.24,-25.96,-45.95,-30.42,17.73,-32.98,2
-70.52,-10.53,-45.45,-31.79,-15.24,-25.96,-45.95,-30.42,17.65,-32.94,2
-70.52,-10.53,-45.45,-31.79,-15.82,-24.74,-45.95,-30.42,17.56,-32.78,2
-70.52,-10.53,-45.45,-31.79,-15.82,-24.74,-43.39,-32.63,17.52,-32.8,2
-73.81,-7.35,-45.45,-31.79,-15.82,-24.74,-43.39,-32.63,17.59,-32.82,2
-73.81,-7.35,-43.09,-34.74,-15.82,-24.74,-43.39,-32.63,17.56,-32.61,2
-73.81,-7.35,-43.09,-34.74,-16.36,-25.24,-43.39,-32.63,17.52,-32.61,2
-73.81,-7.35,-43.09,-34.74,-16.36,-25.24,-45.29,-30.63,17.55,-32.63,2
-71.77,-9.48,-43.09,-34.74,-16.36,-25.24,-45.29,-30.63,17.47,-32.6,2
-71.77,-9.48,-42.64,-34.22,-16.36,-25.24,-45.29,-30.63,17.39,-32.69,2
-71.77,-9.48,-42.64,-34.22,-16.86,-23.9,-45.29,-30.63,17.42,-32.52,2
-71.77,-9.48,-42.64,-34.22,-16.86,-23.9,-45.55,-30.55,17.55,-32.41,2
-72.44,-8.52,-42.64,-34.22,-16.86,-23.9,-45.55,-30.55,17.7,-32.26,2
-72.44,-8.52,-44.54,-32.79,-16.86,-23.9,-45.55,-30.55,17.57,-32.23,2
-72.44,-8.52,-44.54,-32.79,-15.45,-24.61,-45.55,-30.55,17.7,-32.16,2
-72.44,-8.52,-44.54,-32.79,-15.45,-24.61,-45.0,-30.9,17.67,-32.11,2
-73.17,-7.99,-44.54,-32.79,-15.45,-24.61,-45.0,-30.9,17.72,-31.98,2
-73.17,-7.99,-44.64,-32.72,-15.45,-24.61,-45.0,-30.9,17.79,-31.85,2
-73.17,-7.99,-44.64,-32.72,-16.19,-25.02,-45.0,-30.9,17.82,-31.87,2
-73.17,-7.99,-44.64,-32.72,-16.19,-25.02,-46.51,-29.57,17.8,-31.75,2
-72.97,-8.06,-44.64,-32.72,-16.19,-25.02,-46.51,-29.57,17.83,-31.65,2
-72.97,-8.06,-44.69,-32.4,-16.19,-25.02,-46.51,-29.57,17.72,-31.71,2
-72.97,-8.06,-44.69,-32.4,-16.2,-24.84,-46.51,-29.57,17.63,-31.77,2
-72.97,-8.06,-44.69,-32.4,-16.2,-24.84,-45.56,-30.48,17.68,-31.79,2
-74.37,-6.77,-44.69,-32.4,-16.2,-24.84,-45.56,-30.48,17.72,-31.79,2
-74.37,-6.77,-44.36,-32.76,-16.2,-24.84,-45.56,-30.48,17.7,-31.74,2
-74.37,-6.77,-44.36,-32.76,-16.52,-24.76,-45.56,-30.48,17.7,-31.71,2
-74.37,-6.77,-44.36,-32.76,-16.52,-24.76,-46.16,-29.7,17.41,-31.67,2
-73.98,-7.44,-44.36,-32.76,-16.52,-24.76,-46.16,-29.7,17.29,-31.48,2
-73.98,-7.44,-44.76,-31.6,-16.52,-24.76,-46.16,-29.7,17.19,-31.4,2
-73.98,-7.44,-44.76,-31.6,-17.12,-23.06,-46.16,-29.7,17.19,-31.29,2
-73.98,-7.44,-44.76,-31.6,-17.12,-23.06,-46.09,-29.35,16.98,-31.14,2
-73.68,-7.66,-44.76,-31.6,-17.12,-23.06,-46.09,-29.35,16.66,-30.97,2
-73.68,-7.66,-45.66,-30.94,-17.12,-23.06,-46.09,-29.35,16.55,-30.29,2
-73.68,-7.66,-45.66,-30.94,-17.58,-21.78,-46.09,-29.35,16.62,-30.08,2
-73.68,-7.66,-45.66,-30.94,-17.58,-21.78,-46.1,-29.29,16.9,-29.87,2
-73.79,-7.5,-45.66,-30.94,-17.58,-21.78,-46.1,-29.29,17.34,-29.72,2
-73.79,-7.5,-41.77,-33.76,-17.58,-21.78,-46.1,-29.29,17.03,-29.71,2
-73.79,-7.5,-41.77,-33.76,-21.14,-22.37,-46.1,-29.29,18.53,-29.16,2
-73.79,-7.5,-41.77,-33.76,-21.14,-22.37,-50.59,-27.36,19.26,-28.5,2
-79.87,-1.05,-41.77,-33.76,-21.14,-22.37,-50.59,-27.36,19.12,-26.46,2
-79.87,-1.05,-53.04,-23.4,-21.14,-22.37,-50.59,-27.36,19.53,-25.15,2
-79.87,-1.05,-53.04,-23.4,-21.82,-17.03,-50.59,-27.36,18.52,-23.41,2
-79.87,-1.05,-53.04,-23.4,-21.82,-17.03,-51.46,-23.61,18.31,-22.24,2
-74.54,6.26,-53.04,-23.4,-21.82,-17.03,-51.46,-23.61,18.19,-21.21,2
-74.54,6.26,-49.51,-26.28,-21.82,-17.03,-51.46,-23.61,18.94,-22.93,2
-74.54,6.26,-49.51,-26.28,-20.86,-18.67,-51.46,-23.61,18.44,-24.46,2
-74.54,6.26,-49.51,-26.28,-20.86,-18.67,-49.54,-25.88,18.02,-25.17,2
-79.78,1.15,-49.51,-26.28,-20.86,-18.67,-49.54,-25.88,18.86,-24.13,2
-79.78,1.15,-53.12,-23.35,-20.86,-18.67,-49.54,-25.88,20.27,-23.54,2
-79.78,1.15,-53.12,-23.35,-23.02,-17.9,-49.54,-25.88,20.59,-24.8,2
-79.78,1.15,-53.12,-23.35,-23.02,-17.9,-47.88,-30.85,20.7,-25.99,2
-79.79,-1.2,-53.12,-23.35,-23.02,-17.9,-47.88,-30.85,20.73,-27.72,2
-79.79,-1.2,-49.4,-28.01,-23.02,-17.9,-47.88,-30.85,21.52,-27.38,2
-79.79,-1.2,-49.4,-28.01,-21.36,-23.12,-47.88,-30.85,23.13,-27.72,2
-79.79,-1.2,-49.4,-28.01,-21.36,-23.12,-48.18,-29.63,23.49,-27.73,2
-75.17,-4.07,-49.4,-28.01,-21.36,-23.12,-48.18,-29.63,22.82,-27.93,2
-75.17,-4.07,-50.75,-27.84,-21.36,-23.12,-48.18,-29.63,22.65,-27.99,2
-75.17,-4.07,-50.75,-27.84,-20.28,-23.14,-48.18,-29.63,22.77,-27.99,2
-75.17,-4.07,-50.75,-27.84,-20.28,-23.14,-52.18,-25.58,22.62,-27.78,2
-78.02,-1.84,-50.75,-27.84,-20.28,-23.14,-52.18,-25.58,22.53,-27.66,2
-78.02,-1.84,-51.89,-27.93,-20.28,-23.14,-52.18,-25.58,23.31,-27.15,2
-78.02,-1.84,-51.89,-27.93,-23.74,-19.7,-52.18,-25.58,23.84,-26.85,2
-78.02,-1.84,-51.89,-27.93,-23.74,-19.7,-49.83,-28.1,23.96,-26.8,2
-76.26,-0.38,-51.89,-27.93,-23.74,-19.7,-49.83,-28.1,23.74,-26.88,2
-76.26,-0.38,-51.43,-26.78,-23.74,-19.7,-49.83,-28.1,23.94,-26.84,2
-76.26,-0.38,-51.43,-26.78,-22.02,-22.9,-49.83,-28.1,24.27,-27.22,2
-76.26,-0.38,-51.43,-26.78,-22.02,-22.9,-49.84,-28.8,24.42,-27.46,2
-76.31,-0.09,-51.43,-26.78,-22.02,-22.9,-49.84,-28.8,24.38,-27.96,2
-76.31,-0.09,-49.14,-29.97,-22.02,-22.9,-49.84,-28.8,24.9,-27.93,2
-76.31,-0.09,-49.14,-29.97,-22.91,-26.38,-49.84,-28.8,25.0,-28.3,2
-76.31,-0.09,-49.14,-29.97,-22.91,-26.38,-51.0,-28.33,24.86,-28.16,2
-77.29,-1.09,-49.14,-29.97,-22.91,-26.38,-51.0,-28.33,25.1,-27.93,2
-77.29,-1.09,-51.78,-27.35,-22.91,-26.38,-51.0,-28.33,24.8,-27.69,2
-77.29,-1.09,-51.78,-27.35,-22.44,-24.47,-51.0,-28.33,24.72,-27.7,2
-5.96,66.99,-25.36,52.14,-33.9,47.11,-30.3,49.88,36.9,57.06,3
-5.96,66.99,-25.36,52.14,-33.9,47.11,-29.94,49.89,36.24,57.34,3
-5.67,68.4,-25.36,52.14,-33.9,47.11,-29.94,49.89,36.4,57.47,3
-5.67,68.4,-23.94,53.42,-33.9,47.11,-29.94,49.89,36.38,57.56,3
-5.67,68.4,-23.94,53.42,-33.42,47.64,-29.94,49.89,36.38,57.34,3
-5.67,68.4,-23.94,53.42,-33.42,47.64,-29.65,50.69,36.4,57.44,3
-6.82,67.26,-23.94,53.42,-33.42,47.64,-29.65,50.69,36.56,57.52,3
-6.82,67.26,-23.47,53.7,-33.42,47.64,-29.65,50.69,36.16,57.73,3
-6.82,67.26,-23.47,53.7,-34.12,46.77,-29.65,50.69,36.47,57.53,3
-6.82,67.26,-23.47,53.7,-34.12,46.77,-28.52,51.53,37.05,57.72,3
-6.36,68.7,-23.47,53.7,-34.12,46.77,-28.52,51.53,36.92,57.82,3
-6.36,68.7,-23.8,54.37,-34.12,46.77,-28.52,51.53,37.49,57.47,3
-6.36,68.7,-23.8,54.37,-35.99,44.53,-28.52,51.53,37.48,57.49,3
-6.36,68.7,-23.8,54.37,-35.99,44.53,-28.68,51.86,37.45,57.45,3
-7.37,67.56,-23.8,54.37,-35.99,44.53,-28.68,51.86,37.51,57.63,3
-7.37,67.56,-21.89,56.07,-35.99,44.53,-28.68,51.86,37.46,57.78,3
-7.37,67.56,-21.89,56.07,-33.07,48.02,-28.68,51.86,37.37,57.98,3
-7.37,67.56,-21.89,56.07,-33.07,48.02,-29.31,50.97,37.19,58.02,3
-5.98,68.76,-21.89,56.07,-33.07,48.02,-29.31,50.97,37.41,57.94,3
-5.98,68.76,-22.84,54.77,-33.07,48.02,-29.31,50.97,37.5,57.93,3
-5.98,68.76,-22.84,54.77,-33.82,47.17,-29.31,50.97,37.6,57.88,3
-5.98,68.76,-22.84,54.77,-33.82,47.17,-29.24,51.09,37.94,57.71,3
-7.19,67.93,-22.84,54.77,-33.82,47.17,-29.24,51.09,37.96,57.6,3
-7.19,67.93,-22.42,55.43,-33.82,47.17,-29.24,51.09,38.02,57.54,3
-7.19,67.93,-22.42,55.43,-35.43,45.33,-29.24,51.09,37.93,57.59,3
-7.19,67.93,-22.42,55.43,-35.43,45.33,-26.55,53.89,38.01,57.58,3
-7.01,67.29,-22.42,55.43,-35.43,45.33,-26.55,53.89,37.97,57.63,3
-7.01,67.29,-23.17,54.77,-35.43,45.33,-26.55,53.89,37.99,57.62,3
-7.01,67.29,-23.17,54.77,-34.49,46.45,-26.55,53.89,38.0,57.55,3
-7.01,67.29,-23.17,54.77,-34.49,46.45,-29.35,50.99,37.97,57.56,3
-5.51,68.39,-23.17,54.77,-34.49,46.45,-29.35,50.99,37.83,57.57,3
-5.51,68.39,-23.52,54.06,-34.49,46.45,-29.35,50.99,37.97,57.55,3
-5.51,68.39,-23.52,54.06,-35.06,45.89,-29.35,50.99,38.08,57.55,3
-5.51,68.39,-23.52,54.06,-35.06,45.89,-30.08,50.27,38.08,57.52,3
-7.11,68.52,-23.52,54.06,-35.06,45.89,-30.08,50.27,38.1,57.52,3
-7.11,68.52,-23.09,55.25,-35.06,45.89,-30.08,50.27,38.76,57.35,3
-7.11,68.52,-23.09,55.25,-34.19,46.89,-30.08,50.27,38.68,57.44,3
-7.11,68.52,-23.09,55.25,-34.19,46.89,-29.31,50.94,37.63,57.13,3
-6.65,67.88,-23.09,55.25,-34.19,46.89,-29.31,50.94,37.35,56.66,3
-6.65,67.88,-24.56,52.79,-34.19,46.89,-29.31,50.94,36.16,56.61,3
-6.65,67.88,-24.56,52.79,-34.85,45.63,-29.31,50.94,36.09,56.22,3
-6.65,67.88,-24.56,52.79,-34.85,45.63,-29.31,50.7,35.34,56.44,3
-5.69,67.12,-24.56,52.79,-34.85,45.63,-29.31,50.7,34.95,56.49,3
-5.69,67.12,-24.78,52.67,-34.85,45.63,-29.31,50.7,35.36,56.8,3
-5.69,67.12,-24.78,52.67,-35.04,45.56,-29.31,50.7,36.23,56.43,3
-5.69,67.12,-24.78,52.67,-35.04,45.56,-30.59,49.58,36.7,56.18,3
-8.77,67.21,-24.78,52.67,-35.04,45.56,-30.59,49.58,37.01,56.17,3
-8.77,67.21,-24.71,52.1,-35.04,45.56,-30.59,49.58,35.95,56.21,3
-8.77,67.21,-24.71,52.1,-35.39,44.8,-30.59,49.58,35.54,56.05,3
-8.77,67.21,-24.71,52.1,-35.39,44.8,-29.68,50.43,35.63,56.29,3
-7.45,66.84,-24.71,52.1,-35.39,44.8,-29.68,50.43,35.69,56.62,3
-7.45,66.84,-23.64,53.64,-35.39,44.8,-29.68,50.43,35.51,57.07,3
-7.45,66.84,-23.64,53.64,-34.31,46.62,-29.68,50.43,36.04,57.14,3
-7.45,66.84,-23.64,53.64,-34.31,46.62,-29.24,50.81,35.66,57.59,3
-7.08,67.58,-23.64,53.64,-34.31,46.62,-29.24,50.81,35.89,57.59,3
-7.08,67.58,-21.53,56.09,-34.31,46.62,-29.24,50.81,36.1,57.47,3
-7.08,67.58,-21.53,56.09,-34.74,46.05,-29.24,50.81,35.6,57.89,3
-7.08,67.58,-21.53,56.09,-34.74,46.05,-28.84,51.42,35.54,57.94,3
-6.44,67.94,-21.53,56.09,-34.74,46.05,-28.84,51.42,35.81,58.32,3
-6.44,67.94,-21.55,55.12,-34.74,46.05,-28.84,51.42,36.12,59.01,3
-6.44,67.94,-21.55,55.12,-32.82,48.39,-28.84,51.42,36.6,59.77,3
-6.44,67.94,-21.55,55.12,-32.82,48.39,-25.53,54.75,36.67,59.83,3
-6.06,67.89,-21.55,55.12,-32.82,48.39,-25.53,54.75,36.24,60.16,3
-6.06,67.89,-21.92,55.29,-32.82,48.39,-25.53,54.75,37.55,59.73,3
-6.06,67.89,-21.92,55.29,-28.45,53.13,-25.53,54.75,36.54,59.21,3
-6.06,67.89,-21.92,55.29,-28.45,53.13,-26.22,54.03,35.81,59.2,3
-5.36,69.74,-21.92,55.29,-28.45,53.13,-26.22,54.03,35.46,58.55,3
-5.36,69.74,-31.37,40.87,-28.45,53.13,-26.22,54.03,28.52,52.63,3
-5.36,69.74,-31.37,40.87,-34.74,37.74,-26.22,54.03,26.41,46.19,3
-5.36,69.74,-31.37,40.87,-34.74,37.74,-39.75,36.04,24.87,42.02,3
-21.13,52.6,-31.37,40.87,-34.74,37.74,-39.75,36.04,23.8,42.2,3
-21.13,52.6,-32.75,36.26,-34.74,37.74,-39.75,36.04,23.12,42.33,3
-21.13,52.6,-32.75,36.26,-27.87,41.7,-39.75,36.04,22.59,42.21,3
-21.13,52.6,-32.75,36.26,-27.87,41.7,-39.14,36.91,22.59,42.58,3
-20.27,52.68,-32.75,36.26,-27.87,41.7,-39.14,36.91,23.43,43.86,3
-20.27,52.68,-30.7,41.16,-27.87,41.7,-39.14,36.91,23.19,44.6,3
-20.27,52.68,-30.7,41.16,-32.45,43.68,-39.14,36.91,24.25,45.91,3
-20.27,52.68,-30.7,41.16,-32.45,43.68,-37.93,38.23,25.31,46.81,3
-17.41,54.86,-30.7,41.16,-32.45,43.68,-37.93,38.23,24.27,46.86,3
-17.41,54.86,-28.86,41.02,-32.45,43.68,-37.93,38.23,24.46,48.16,3
-17.41,54.86,-28.86,41.02,-29.32,45.65,-37.93,38.23,24.66,45.16,3
-17.41,54.86,-28.86,41.02,-29.32,45.65,-35.15,41.62,25.07,47.89,3
-16.54,57.21,-28.86,41.02,-29.32,45.65,-35.15,41.62,25.3,47.94,3
-16.54,57.21,-29.83,42.55,-29.32,45.65,-35.15,41.62,25.27,47.97,3
-16.54,57.21,-29.83,42.55,-30.54,43.75,-35.15,41.62,24.37,47.58,3
-16.54,57.21,-29.83,42.55,-30.54,43.75,-36.33,40.78,24.93,47.81,3
-17.24,56.67,-29.83,42.55,-30.54,43.75,-36.33,40.78,24.73,47.51,3
-17.24,56.67,-28.14,42.78,-30.54,43.75,-36.33,40.78,24.02,47.15,3
-17.24,56.67,-28.14,42.78,-32.35,42.15,-36.33,40.78,24.22,47.55,3
-17.24,56.67,-28.14,42.78,-32.35,42.15,-35.82,41.16,24.74,47.96,3
-14.63,58.21,-28.14,42.78,-32.35,42.15,-35.82,41.16,24.52,48.0,3
-14.63,58.21,-28.22,44.26,-32.35,42.15,-35.82,41.16,24.66,48.36,3
-14.63,58.21,-28.22,44.26,-32.05,42.75,-35.82,41.16,24.51,48.1,3
-14.63,58.21,-28.22,44.26,-32.05,42.75,-34.32,42.13,24.34,47.76,3
-16.19,57.28,-28.22,44.26,-32.05,42.75,-34.32,42.13,24.54,47.76,3
-16.19,57.28,-29.51,42.64,-32.05,42.75,-34.32,42.13,24.51,47.74,3
-16.19,57.28,-29.51,42.64,-31.61,42.89,-34.32,42.13,24.1,47.5,3
-16.19,57.28,-29.51,42.64,-31.61,42.89,-36.25,40.5,24.43,47.54,3
-16.97,56.78,-29.51,42.64,-31.61,42.89,-36.25,40.5,24.22,47.44,3
-16.97,56.78,-28.88,43.05,-31.61,42.89,-36.25,40.5,23.96,47.34,3
-16.97,56.78,-28.88,43.05,-31.84,42.67,-36.25,40.5,23.76,47.3,3
-16.97,56.78,-28.88,43.05,-31.84,42.67,-35.94,40.6,23.65,47.16,3
-16.54,56.51,-28.88,43.05,-31.84,42.67,-35.94,40.6,23.51,47.07,3
-16.54,56.51,-29.76,42.07,-31.84,42.67,-35.94,40.6,23.44,46.99,3
-16.54,56.51,-29.76,42.07,-32.45,42.06,-35.94,40.6,23.46,46.96,3
-16.54,56.51,-29.76,42.07,-32.45,42.06,-36.87,39.4,23.33,46.83,3
-17.13,56.59,-29.76,42.07,-32.45,42.06,-36.87,39.4,23.4,46.71,3
-17.13,56.59,-29.38,42.04,-32.45,42.06,-36.87,39.4,23.41,46.76,3
-17.13,56.59,-29.38,42.04,-33.4,41.09,-36.87,39.4,23.38,46.66,3
-17.13,56.59,-29.38,42.04,-33.4,41.09,-36.98,39.79,23.55,46.63,3
-16.41,56.68,-29.38,42.04,-33.4,41.09,-36.98,39.79,23.0,46.45,3
-16.41,56.68,-30.88,41.16,-33.4,41.09,-36.98,39.79,23.5,46.53,3
-16.41,56.68,-30.88,41.16,-32.44,41.41,-36.98,39.79,23.25,46.37,3
-16.41,56.68,-30.88,41.16,-32.44,41.41,-37.33,39.2,23.14,46.26,3
-18.13,55.51,-30.88,41.16,-32.44,41.41,-37.33,39.2,23.24,46.48,3
-18.13,55.51,-28.86,42.83,-32.44,41.41,-37.33,39.2,22.64,46.43,3
-18.13,55.51,-28.86,42.83,-32.73,42.61,-37.33,39.2,22.91,47.65,3
-18.13,55.51,-28.86,42.83,-32.73,42.61,-34.97,42.18,24.15,49.27,3
-12.73,59.77,-28.86,42.83,-32.73,42.61,-34.97,42.18,23.69,49.65,3
-12.73,59.77,-27.18,44.79,-32.73,42.61,-34.97,42.18,23.21,48.75,3
-12.73,59.77,-27.18,44.79,-32.44,42.05,-34.97,42.18,23.34,48.27,3
-12.73,59.77,-27.18,44.79,-32.44,42.05,-36.22,39.58,22.27,46.31,3
-17.13,55.91,-27.18,44.79,-32.44,42.05,-36.22,39.58,22.07,46.13,3
-17.13,55.91,-30.82,40.7,-32.44,42.05,-36.22,39.58,21.9,46.07,3
-17.13,55.91,-30.82,40.7,-31.69,41.85,-36.22,39.58,21.53,46.03,3
-17.13,55.91,-30.82,40.7,-31.69,41.85,-37.31,38.52,21.7,45.92,3
-18.87,54.59,-30.82,40.7,-31.69,41.85,-37.31,38.52,21.29,45.43,3
-18.87,54.59,-29.96,40.65,-31.69,41.85,-37.31,38.52,20.69,45.21,3
-18.87,54.59,-29.96,40.65,-34.28,39.94,-37.31,38.52,20.78,44.97,3
-18.87,54.59,-29.96,40.65,-34.28,39.94,-39.33,37.66,21.34,45.03,3
-19.41,54.12,-29.96,40.65,-34.28,39.94,-39.33,37.66,21.01,44.64,3
-19.41,54.12,-30.11,40.74,-34.28,39.94,-39.33,37.66,20.67,44.39,3
-19.41,54.12,-30.11,40.74,-34.12,37.96,-39.33,37.66,20.79,44.29,3
-19.41,54.12,-30.11,40.74,-34.12,37.96,-37.91,37.91,20.6,44.17,3
-19.29,53.59,-30.11,40.74,-34.12,37.96,-37.91,37.91,20.63,44.03,3
-19.29,53.59,-33.07,38.82,-34.12,37.96,-37.91,37.91,20.8,43.95,3
-19.29,53.59,-33.07,38.82,-32.81,39.69,-37.91,37.91,20.72,44.01,3
-19.29,53.59,-33.07,38.82,-32.81,39.69,-39.01,37.32,21.21,44.06,3
-17.42,56.03,-33.07,38.82,-32.81,39.69,-39.01,37.32,21.6,44.85,3
-17.42,56.03,-32.87,39.15,-32.81,39.69,-39.01,37.32,21.36,44.88,3
-17.42,56.03,-32.87,39.15,-32.81,40.98,-39.01,37.32,21.34,45.14,3
-17.42,56.03,-32.87,39.15,-32.81,40.98,-38.98,38.24,21.62,45.23,3
-18.19,55.45,-32.87,39.15,-32.81,40.98,-38.98,38.24,21.83,46.25,3
-18.19,55.45,-29.59,42.5,-32.81,40.98,-38.98,38.24,21.55,46.32,3
-18.19,55.45,-29.59,42.5,-33.54,41.19,-38.98,38.24,21.85,46.43,3
-18.19,55.45,-29.59,42.5,-33.54,41.19,-38.7,38.81,21.95,46.54,3
-16.68,56.23,-29.59,42.5,-33.54,41.19,-38.7,38.81,21.7,46.37,3
-16.68,56.23,-30.24,42.09,-33.54,41.19,-38.7,38.81,21.62,46.27,3
-16.68,56.23,-30.24,42.09,-33.42,40.17,-38.7,38.81,21.37,46.08,3
-16.68,56.23,-30.24,42.09,-33.42,40.17,-36.89,39.9,21.23,46.09,3
-18.29,55.17,-30.24,42.09,-33.42,40.17,-36.89,39.9,21.48,46.16,3
-18.29,55.17,-29.98,41.71,-33.42,40.17,-36.89,39.9,21.16,46.13,3
-18.29,55.17,-29.98,41.71,-32.84,41.53,-36.89,39.9,21.63,46.78,3
-18.29,55.17,-29.98,41.71,-32.84,41.53,-38.77,38.83,21.72,46.58,3
-16.55,56.13,-29.98,41.71,-32.84,41.53,-38.77,38.83,21.59,46.31,3
-16.55,56.13,-30.02,42.0,-32.84,41.53,-38.77,38.83,21.69,46.24,3
-16.55,56.13,-30.02,42.0,-34.43,38.95,-38.77,38.83,21.52,45.93,3
-16.55,56.13,-30.02,42.0,-34.43,38.95,-36.73,39.61,20.94,45.62,3
-17.35,55.67,-30.02,42.0,-34.43,38.95,-36.73,39.61,21.34,45.73,3
-17.35,55.67,-32.48,39.28,-34.43,38.95,-36.73,39.61,21.13,45.66,3
-17.35,55.67,-32.48,39.28,-34.24,38.78,-36.73,39.61,20.71,45.24,3
-17.35,55.67,-32.48,39.28,-34.24,38.78,-40.18,36.15,20.21,43.64,3
-25.73,47.62,-32.48,39.28,-34.24,38.78,-40.18,36.15,19.38,41.14,3
-25.73,47.62,-37.28,31.49,-34.24,38.78,-40.18,36.15,17.91,36.47,3
-25.73,47.62,-37.28,31.49,-33.2,33.85,-40.18,36.15,17.7,36.6,3
-25.73,47.62,-37.28,31.49,-33.2,33.85,-45.81,29.16,17.68,36.62,3
-26.26,47.23,-37.28,31.49,-33.2,33.85,-45.81,29.16,17.25,36.34,3
-26.26,47.23,-37.2,30.95,-33.2,33.85,-45.81,29.16,17.03,36.29,3
-26.26,47.23,-37.2,30.95,-34.11,32.3,-45.81,29.16,16.64,35.49,3
-26.26,47.23,-37.2,30.95,-34.11,32.3,-44.43,30.18,16.68,35.68,3
-25.07,48.21,-37.2,30.95,-34.11,32.3,-44.43,30.18,17.2,36.84,3
-25.07,48.21,-35.96,32.88,-34.11,32.3,-44.43,30.18,17.12,36.84,3
-25.07,48.21,-35.96,32.88,-34.27,34.14,-44.43,30.18,17.08,36.82,3
-25.07,48.21,-35.96,32.88,-34.27,34.14,-40.78,33.58,17.47,39.6,3
-21.74,52.45,-35.96,32.88,-34.27,34.14,-40.78,33.58,18.21,41.47,3
-21.74,52.45,-34.69,36.53,-34.27,34.14,-40.78,33.58,18.85,41.61,3
-21.74,52.45,-34.69,36.53,-32.63,39.21,-40.78,33.58,18.93,41.88,3
-21.74,52.45,-34.69,36.53,-32.63,39.21,-40.59,35.22,18.63,42.51,3
-21.29,52.44,-34.69,36.53,-32.63,39.21,-40.59,35.22,18.61,42.46,3
-21.29,52.44,-24.75,39.58,-32.63,39.21,-40.59,35.22,19.15,43.08,3
-21.29,52.44,-24.75,39.58,-33.98,37.46,-40.59,35.22,19.12,43.43,3
-21.29,52.44,-24.75,39.58,-33.98,37.46,-39.05,36.97,18.92,43.43,3
-19.59,53.41,-24.75,39.58,-33.98,37.46,-39.05,36.97,19.24,43.32,3
-19.59,53.41,-33.59,38.48,-33.98,37.46,-39.05,36.97,19.63,43.43,3
-19.59,53.41,-33.59,38.48,-33.2,39.83,-39.05,36.97,19.78,43.38,3
-19.59,53.41,-33.59,38.48,-33.2,39.83,-40.59,36.43,20.23,43.67,3
-20.88,52.96,-33.59,38.48,-33.2,39.83,-40.59,36.43,19.31,43.1,3
-20.88,52.96,-31.67,39.25,-33.2,39.83,-40.59,36.43,19.67,43.25,3
-20.88,52.96,-31.67,39.25,-34.34,37.91,-40.59,36.43,19.69,43.53,3
-20.88,52.96,-31.67,39.25,-34.34,37.91,-39.87,37.17,19.89,43.43,3
-19.46,54.27,-31.67,39.25,-34.34,37.91,-39.87,37.17,20.1,43.71,3
-19.46,54.27,-33.01,38.89,-34.34,37.91,-39.87,37.17,19.89,43.47,3
-19.46,54.27,-33.01,38.89,-34.27,38.97,-39.87,37.17,20.01,43.81,3
-19.46,54.27,-33.01,38.89,-34.27,38.97,-38.68,38.76,20.35,44.45,3
-15.94,57.79,-33.01,38.89,-34.27,38.97,-38.68,38.76,22.24,47.45,3
-15.94,57.79,-30.12,42.24,-34.27,38.97,-38.68,38.76,21.91,47.26,3
-15.94,57.79,-30.12,42.24,-34.63,39.95,-38.68,38.76,21.34,46.18,3
-15.94,57.79,-30.12,42.24,-34.63,39.95,-38.13,39.25,21.27,46.18,3
-16.71,57.13,-30.12,42.24,-34.63,39.95,-38.13,39.25,21.21,46.16,3
-16.71,57.13,-28.95,43.77,-34.63,39.95,-38.13,39.25,21.34,46.42,3
-16.71,57.13,-28.95,43.77,-34.75,40.85,-38.13,39.25,21.58,46.58,3
-16.71,57.13,-28.95,43.77,-34.75,40.85,-35.54,42.55,23.41,49.25,3
-13.75,59.52,-28.95,43.77,-34.75,40.85,-35.54,42.55,23.47,49.21,3
-13.75,59.52,-29.21,44.03,-34.75,40.85,-35.54,42.55,23.52,49.87,3
-13.75,59.52,-29.21,44.03,-33.16,42.38,-35.54,42.55,22.35,48.7,3
-13.75,59.52,-29.21,44.03,-33.16,42.38,-30.73,47.86,23.88,52.23,3
-7.87,61.98,-29.21,44.03,-33.16,42.38,-30.73,47.86,25.5,57.84,3
-7.87,61.98,-13.01,60.76,-33.16,42.38,-30.73,47.86,28.09,62.26,3
-7.87,61.98,-13.01,60.76,-26.9,54.15,-30.73,47.86,27.43,63.15,3
-7.87,61.98,-13.01,60.76,-26.9,54.15,-20.93,56.82,26.89,63.5,3
0.41,65.46,-13.01,60.76,-26.9,54.15,-20.93,56.82,27.31,64.45,3
0.41,65.46,-16.83,57.52,-26.9,54.15,-20.93,56.82,27.7,64.29,3
0.41,65.46,-16.83,57.52,-26.47,56.24,-20.93,56.82,28.28,65.11,3
0.41,65.46,-16.83,57.52,-26.47,56.24,-20.77,55.86,28.07,65.23,3
0.19,66.67,-16.83,57.52,-26.47,56.24,-20.77,55.86,28.82,65.02,3
0.19,66.67,-15.11,55.84,-26.47,56.24,-20.77,55.86,28.75,64.99,3
0.19,66.67,-15.11,55.84,-23.06,57.09,-20.77,55.86,27.99,64.54,3
0.19,66.67,-15.11,55.84,-23.06,57.09,-21.54,55.69,28.01,64.78,3
0.09,64.31,-15.11,55.84,-23.06,57.09,-21.54,55.69,28.19,64.79,3
0.09,64.31,-12.6,58.29,-23.06,57.09,-21.54,55.69,27.86,64.75,3
0.09,64.31,-12.6,58.29,-24.04,56.53,-21.54,55.69,27.53,64.53,3
0.09,64.31,-12.6,58.29,-24.04,56.53,-22.02,55.13,27.78,64.56,3
0.72,64.26,-12.6,58.29,-24.04,56.53,-22.02,55.13,27.67,64.59,3
0.72,64.26,-12.5,60.22,-24.04,56.53,-22.02,55.13,28.22,64.71,3
0.72,64.26,-12.5,60.22,-22.29,58.36,-22.02,55.13,29.36,65.58,3
0.72,64.26,-12.5,60.22,-22.29,58.36,-20.02,56.15,29.14,65.73,3
1.51,64.43,-12.5,60.22,-22.29,58.36,-20.02,56.15,28.21,65.53,3
1.51,64.43,-13.68,57.71,-22.29,58.36,-20.02,56.15,28.83,65.57,3
1.51,64.43,-13.68,57.71,-22.09,58.14,-20.02,56.15,28.13,65.48,3
1.51,64.43,-13.68,57.71,-22.09,58.14,-19.96,56.62,28.02,65.3,3
0.98,63.76,-13.68,57.71,-22.09,58.14,-19.96,56.62,28.48,65.5,3
0.98,63.76,-13.56,57.15,-22.09,58.14,-19.96,56.62,27.89,65.39,3
0.98,63.76,-13.56,57.15,-22.4,58.1,-19.96,56.62,27.83,65.39,3
0.98,63.76,-13.56,57.15,-22.4,58.1,-20.32,55.86,27.57,65.16,3
0.2,63.96,-13.56,57.15,-22.4,58.1,-20.32,55.86,27.41,65.08,3
0.2,63.96,-13.4,58.63,-22.4,58.1,-20.32,55.86,27.58,65.02,3
0.2,63.96,-13.4,58.63,-23.4,56.94,-20.32,55.86,28.1,65.02,3
0.2,63.96,-13.4,58.63,-23.4,56.94,-20.69,55.29,28.21,64.9,3
-0.02,64.32,-13.4,58.63,-23.4,56.94,-20.69,55.29,28.28,64.85,3
-0.02,64.32,-14.12,57.93,-23.4,56.94,-20.69,55.29,28.17,64.79,3
-0.02,64.32,-14.12,57.93,-23.21,57.28,-20.69,55.29,28.36,64.76,3
-0.02,64.32,-14.12,57.93,-23.21,57.28,-21.18,54.93,28.34,64.76,3
-0.51,64.28,-14.12,57.93,-23.21,57.28,-21.18,54.93,28.24,64.73,3
-0.51,64.28,-13.61,58.29,-23.21,57.28,-21.18,54.93,28.27,64.62,3
-0.51,64.28,-13.61,58.29,-23.51,56.84,-21.18,54.93,28.26,64.59,3
-0.51,64.28,-13.61,58.29,-23.51,56.84,-20.83,55.35,28.12,64.55,3
-0.42,64.37,-13.61,58.29,-23.51,56.84,-20.83,55.35,28.23,64.56,3
-0.42,64.37,-14.02,58.22,-23.51,56.84,-20.83,55.35,28.37,64.5,3
-0.42,64.37,-14.02,58.22,-23.45,57.3,-20.83,55.35,27.93,64.39,3
-0.42,64.37,-14.02,58.22,-23.45,57.3,-22.29,53.86,28.13,64.45,3
-0.06,64.69,-14.02,58.22,-23.45,57.3,-22.29,53.86,27.64,64.3,3
-0.06,64.69,-14.75,57.26,-23.45,57.3,-22.29,53.86,28.21,64.35,3
-0.06,64.69,-14.75,57.26,-23.35,56.73,-22.29,53.86,28.12,64.31,3
-0.06,64.69,-14.75,57.26,-23.35,56.73,-20.19,55.68,27.06,64.23,3
-0.87,63.41,-14.75,57.26,-23.35,56.73,-20.19,55.68,26.8,64.15,3
-0.87,63.41,-15.47,55.79,-23.35,56.73,-20.19,55.68,26.9,64.15,3
-0.87,63.41,-15.47,55.79,-25.18,55.46,-20.19,55.68,26.33,63.92,3
-0.87,63.41,-15.47,55.79,-25.18,55.46,-20.92,55.4,27.66,64.51,3
-1.21,65.44,-15.47,55.79,-25.18,55.46,-20.92,55.4,28.19,64.49,3
-1.21,65.44,-13.28,59.65,-25.18,55.46,-20.92,55.4,30.0,64.82,3
-1.21,65.44,-13.28,59.65,-23.68,56.69,-20.92,55.4,30.09,65.32,3
-1.21,65.44,-13.28,59.65,-23.68,56.69,-21.96,55.37,29.7,64.58,3
0.35,65.81,-13.28,59.65,-23.68,56.69,-21.96,55.37,27.88,63.84,3
0.35,65.81,-11.18,58.17,-23.68,56.69,-21.96,55.37,26.66,63.65,3
0.35,65.81,-11.18,58.17,-23.61,57.59,-21.96,55.37,30.61,66.3,3
0.35,65.81,-11.18,58.17,-23.61,57.59,-19.37,57.76,31.68,66.88,3
0.24,62.99,-11.18,58.17,-23.61,57.59,-19.37,57.76,29.46,66.51,3
0.24,62.99,-13.43,60.1,-23.61,57.59,-19.37,57.76,28.99,66.28,3
0.24,62.99,-13.43,60.1,-23.34,58.1,-19.37,57.76,30.61,67.12,3
0.24,62.99,-13.43,60.1,-23.34,58.1,-17.68,58.47,30.15,67.7,3
3.61,64.85,-13.43,60.1,-23.34,58.1,-17.68,58.47,29.24,68.2,3
3.61,64.85,-12.15,61.13,-23.34,58.1,-17.68,58.47,28.58,68.95,3
3.61,64.85,-12.15,61.13,-21.66,59.76,-17.68,58.47,29.29,68.91,3
3.61,64.85,-12.15,61.13,-21.66,59.76,-18.87,57.52,28.69,68.03,3
3.56,63.24,-12.15,61.13,-21.66,59.76,-18.87,57.52,28.91,67.14,3
3.56,63.24,-17.5,57.16,-21.66,59.76,-18.87,57.52,31.11,65.45,3
3.56,63.24,-17.5,57.16,-24.78,56.07,-18.87,57.52,31.68,65.13,3
3.56,63.24,-17.5,57.16,-24.78,56.07,-24.13,54.48,32.13,65.6,3
3.12,68.81,-17.5,57.16,-24.78,56.07,-24.13,54.48,35.1,66.22,3
3.12,68.81,-7.98,60.61,-24.78,56.07,-24.13,54.48,37.34,68.24,3
3.12,68.81,-7.98,60.61,-21.01,59.43,-24.13,54.48,38.23,70.17,3
3.12,68.81,-7.98,60.61,-21.01,59.43,-13.92,64.52,37.64,70.96,3
4.07,68.0,-7.98,60.61,-21.01,59.43,-13.92,64.52,33.91,70.71,3
4.07,68.0,-4.35,68.16,-21.01,59.43,-13.92,64.52,43.45,71.36,3
4.07,68.0,-4.35,68.16,-22.35,59.06,-13.92,64.52,42.41,70.95,3
4.07,68.0,-4.35,68.16,-22.35,59.06,-14.22,64.45,39.77,69.26,3
1.06,64.54,-4.35,68.16,-22.35,59.06,-14.22,64.45,38.49,68.42,3
1.06,64.54,-18.0,56.95,-22.35,59.06,-14.22,64.45,39.27,67.07,3
1.06,64.54,-18.0,56.95,-29.92,51.35,-14.22,64.45,38.55,65.38,3
1.06,64.54,-18.0,56.95,-29.92,51.35,-22.75,56.75,37.87,64.29,3
-1.84,68.47,-18.0,56.95,-29.92,51.35,-22.75,56.75,37.45,64.37,3
-1.84,68.47,-13.6,61.83,-29.92,51.35,-22.75,56.75,37.87,64.8,3
-1.84,68.47,-13.6,61.83,-26.63,54.25,-22.75,56.75,37.14,65.27,3
-1.84,68.47,-13.6,61.83,-26.63,54.25,-16.9,62.82,37.85,65.43,3
0.0,65.38,-13.6,61.83,-26.63,54.25,-16.9,62.82,37.67,65.18,3
0.0,65.38,-15.32,61.55,-26.63,54.25,-16.9,62.82,37.34,64.81,3
0.0,65.38,-15.32,61.55,-27.76,53.28,-16.9,62.82,37.27,64.42,3
0.0,65.38,-15.32,61.55,-27.76,53.28,-22.56,55.79,36.18,63.78,3
-1.73,68.24,-15.32,61.55,-27.76,53.28,-22.56,55.79,36.23,63.73,3
-1.73,68.24,-17.65,57.45,-27.76,53.28,-22.56,55.79,35.89,63.36,3
-1.73,68.24,-17.65,57.45,-27.22,53.75,-22.56,55.79,35.93,63.26,3
-1.73,68.24,-17.65,57.45,-27.22,53.75,-22.31,56.46,36.2,63.0,3
-1.88,67.17,-17.65,57.45,-27.22,53.75,-22.31,56.46,35.94,62.89,3
-1.88,67.17,-16.68,58.78,-27.22,53.75,-22.31,56.46,35.49,62.78,3
-1.88,67.17,-16.68,58.78,-27.99,53.01,-22.31,56.46,35.1,62.35,3
-1.88,67.17,-16.68,58.78,-27.99,53.01,-25.14,53.65,34.96,62.12,3
-3.8,66.47,-16.68,58.78,-27.99,53.01,-25.14,53.65,35.92,61.81,3
-3.8,66.47,-19.21,57.07,-27.99,53.01,-25.14,53.65,36.17,61.4,3
-3.8,66.47,-19.21,57.07,-28.04,53.07,-25.14,53.65,36.21,62.26,3
-3.8,66.47,-19.21,57.07,-28.04,53.07,-23.01,55.9,36.0,62.51,3
